name                            ,protocol,src_ips,src_ports,dst_ports,TP ,FP ,UP ,TN     ,FN     ,UN
00631e77cb5c08e9d5e7673a73bcd887,UDP     ,18     ,1        ,123      ,18 ,1  ,123,1057526,0      ,0 ,3135266,0      ,3
01bda32f886243c297074ce4accd5a23,TCP     ,66862  ,41633    ,1        ,625,34 ,1  ,5365094,742151 ,5 ,1856371,2401386,69
020e498be5f87867d753a300e48b6eb3,UDP     ,3      ,1        ,45       ,3  ,1  ,45 ,2143530,0      ,0 ,2890129,0      ,13
0292e2d214e6c58dc2e463cc4281b1e4,TCP     ,6      ,1        ,1        ,6  ,1  ,1  ,7348286,0      ,0 ,1194100,14301  ,981
02ca4f902b395e0fa10d56b7a1a70a9f,TCP     ,7567   ,7154     ,1        ,797,1  ,1  ,8521120,0      ,0 ,1455443,2240   ,30
05d8f0758a35f567a069a25b54cc2a22,UDP     ,225    ,6        ,1        ,225,6  ,1  ,1337768,0      ,0 ,3135261,0      ,11
06fd611bee580290adb83b5a2bc0f069,UDP     ,6      ,1        ,6        ,6  ,1  ,6  ,2548014,0      ,0 ,2947204,0      ,2
07047eb879829a0f00ba03fa1425a2ae,UDP     ,16     ,1        ,368      ,16 ,1  ,368,0      ,0      ,0 ,0      ,0      ,0
07643f4c01920d5130226ed9f19d4b1e,TCP     ,21437  ,18220    ,1        ,309,160,1  ,7480690,0      ,0 ,1297687,335    ,4
079c27d54c337110c12ae61ea3efe580,UDP     ,6      ,1        ,133      ,6  ,1  ,133,1947714,0      ,0 ,3135263,22133  ,77
0894623296ecae40349eff74e4fa1f1f,TCP     ,6990   ,6647     ,1        ,874,23 ,1  ,8787436,0      ,0 ,1548702,1221   ,36
0ac695f2b205e619618265f72b69ff2a,TCP     ,8314   ,7801     ,1        ,741,203,1  ,8536201,0      ,0 ,1476948,2034   ,51
0b605258e1a354f3552dd45b4dd3ba54,TCP     ,37     ,680      ,1        ,37 ,680,1  ,0      ,0      ,0 ,0      ,0      ,0
0bf9e1720d3a65a4310458f8e4f170cf,TCP     ,20474  ,17555    ,1        ,313,157,1  ,6942376,0      ,0 ,1205535,1670   ,15
0c2b1312ce22a317922ee510b1a7c7a5,UDP     ,120    ,1        ,40203    ,120,1  ,34 ,911926 ,605940 ,0 ,2529326,0      ,4
0d8119604993f414d5677ad5d12b5ccf,TCP     ,3882   ,3781     ,1        ,970,1  ,1  ,18655  ,899    ,0 ,2613666,7767820,14
0da6d52ff78561c80db8f2ffca43d794,UDP     ,13     ,1        ,13       ,13 ,1  ,13 ,4423340,0      ,0 ,2295652,301643 ,24
0e076318f6d00219ed9ce06eeb0045fa,TCP     ,2      ,1        ,1        ,2  ,1  ,1  ,8504147,0      ,0 ,1384835,0      ,3
0e0ad1669ed7b4bd375b16bbe0852386,TCP     ,18658  ,16256    ,1        ,294,249,1  ,8481825,0      ,0 ,1492752,914    ,763
0eb58b69217c4ebbc57907d78a02f1d6,TCP     ,13347  ,12084    ,1        ,148,653,1  ,8564077,0      ,0 ,1483562,653    ,1129
10c774e657315ee95dc8501cdfb7f3fa,UDP     ,15     ,1        ,350      ,15 ,1  ,350,1194171,0      ,0 ,3135266,0      ,1
11c8b98d184d12b146f526d8f293e7ec,TCP     ,6240   ,5965     ,1        ,939,32 ,1  ,8527407,0      ,0 ,1473942,0      ,12
13c4541923cb7f9f87a328ecea0e4b65,UDP     ,12     ,1        ,83       ,12 ,1  ,83 ,5242319,0      ,0 ,1225247,159457 ,13
13dcbff6256ea2f72064d3f5a517f893,TCP     ,16326  ,14453    ,1        ,343,311,1  ,8638626,0      ,0 ,1511002,0      ,15
14c2e0338c67991010edb19bd3ad4b8b,UDP     ,7      ,1        ,7        ,7  ,1  ,7  ,2762186,0      ,0 ,3122425,0      ,1
1523b980197e820973fdfcab295b4c18,TCP     ,21173  ,18110    ,1        ,273,165,1  ,7936651,0      ,0 ,1379995,761    ,15
156405ae844c064eb64c411a7d338b94,TCP     ,9739   ,9096     ,1        ,634,81 ,1  ,8474660,0      ,0 ,1453103,875    ,2
16b8ecd243672d692bbe5e2ecf1c6b36,TCP     ,7800   ,7350     ,1        ,721,218,1  ,6814638,0      ,0 ,1165615,0      ,1
16d4cc2995ab2c68bb2f14224222179e,TCP     ,4      ,4        ,1        ,4  ,4  ,1  ,2120   ,0      ,0 ,1493162,8572928,1
16f884db8f87a4cc4b78a4c9a289fe91,TCP     ,10287  ,9508     ,1        ,510,80 ,1  ,8231593,0      ,0 ,1414656,1604   ,4
17172f1765db1df8162e6083e79a7f05,UDP     ,109    ,16       ,1        ,109,16 ,1  ,1117572,0      ,0 ,3135266,0      ,3
1852e5d6265f699a28aa435514e5bbcf,TCP     ,8774   ,8261     ,1        ,717,144,1  ,8293400,0      ,0 ,1426374,1880   ,19
18afb797809676ae1957f9c44ee858ed,TCP     ,8106   ,7621     ,1        ,760,162,1  ,167356 ,634877 ,0 ,2024507,7840700,8
18b1b9218ae635dbb2b810548477627a,TCP     ,26886  ,22122    ,1        ,744,28 ,1  ,8567665,0      ,0 ,1506113,995    ,2
190d042270655400a9d60d6ca87aca0f,UDP     ,16     ,1        ,16       ,16 ,1  ,16 ,3991754,0      ,0 ,3057215,258536 ,1
1a2e433cfed7bde38732f0892fbbff27,UDP     ,8      ,1        ,8        ,8  ,1  ,8  ,3184035,0      ,0 ,1661622,0      ,19
1a504b64f82043d916cc6cffb4b0e5da,TCP     ,5859   ,5631     ,1        ,982,1  ,1  ,8767289,0      ,0 ,1489852,1496   ,2
1f14abf0891dd4b866da7e0621430fbd,UDP     ,270    ,9        ,1        ,270,9  ,1  ,1309203,0      ,0 ,3135266,0      ,2
20fc399b6e3d91958ab38c7acf067612,TCP     ,13079  ,11859    ,1        ,434,11 ,1  ,8251589,0      ,0 ,1428313,1909   ,7
2130bfd08fae290ef08e562aefdb21b9,UDP     ,11     ,1        ,11       ,11 ,1  ,11 ,2681270,0      ,0 ,2954359,94170  ,10
21e08bf3cd571a2fdeec359798324263,TCP     ,137    ,4131     ,1        ,122,673,1  ,2739670,131388 ,5 ,2474563,5030882,1
229afeeb24fa0a98b5f609b5a4f23ed9,TCP     ,30201  ,24218    ,1        ,699,12 ,1  ,8754761,0      ,0 ,1501511,286    ,6
2322ee3d829d6d5d3bd98c694a564924,TCP     ,21572  ,18449    ,1        ,994,1  ,1  ,8011172,0      ,0 ,1400577,1114   ,31
233c499813255c56f48412527c597520,TCP     ,6176   ,5889     ,1        ,959,10 ,1  ,8359550,0      ,0 ,1442700,1329   ,1880
24ef523add9c0f81ef6eaa4acbe7e8fa,TCP     ,14256  ,12802    ,1        ,399,543,1  ,8517984,0      ,0 ,1457845,0      ,2
25dfa5bdefd51d26c18f8a184ddd1956,TCP     ,5905   ,5621     ,1        ,992,1  ,1  ,8676775,0      ,0 ,1476684,1444   ,9
25f946c0727f84b2f0772cbe1425e0f4,TCP     ,24730  ,20552    ,1        ,851,87 ,1  ,7648558,0      ,0 ,1309105,1260   ,1
26d9ccb748258b7ffced4190fdaf32ad,UDP     ,84     ,1        ,84       ,84 ,1  ,84 ,2156818,0      ,0 ,3135266,36456  ,4
28e6e65b854158d6721d0151943c148f,TCP     ,6588   ,6274     ,1        ,893,26 ,1  ,7738179,0      ,0 ,1367223,0      ,3
2a515a5447e0770c541eb28115b7b968,TCP     ,13069  ,11830    ,1        ,432,28 ,1  ,8690425,0      ,0 ,1512096,676    ,12
2aea4762adb27fef7e85e8db571ed5cd,TCP     ,7121   ,6741     ,1        ,826,1  ,1  ,8802359,0      ,0 ,1507547,0      ,10
2bf238448118adaa7dc3695830b084af,UDP     ,24     ,1        ,292      ,24 ,1  ,292,996640 ,0      ,0 ,3135266,0      ,22
2c93fe1b1455e845ca1506b5c086c75c,TCP     ,8340   ,7886     ,1        ,754,157,1  ,186826 ,1715787,2 ,855669 ,8284312,8
2cfc6e2d2b3f746f290fa07cd5f00a36,TCP     ,1779   ,1999     ,1        ,944,45 ,1  ,5846956,106570 ,7 ,1669007,1370497,21
2e72ed77eef73c62fc85c49a13a09b20,TCP     ,8026   ,7507     ,1        ,766,177,1  ,8439984,0      ,0 ,1422551,2140   ,2
2ea180355c6612d69993431075783e86,UDP     ,6      ,1        ,135      ,6  ,1  ,135,1170727,0      ,0 ,3135266,0      ,2
2ea750d2b68231e4ad9879b07826bc45,TCP     ,10991  ,10128    ,1        ,167,823,1  ,8515355,0      ,0 ,1475002,1539   ,7
31dfe0457ff50ce9ed214c8a77e635c4,TCP     ,332    ,3784     ,1        ,312,602,1  ,4899467,4786   ,0 ,1933213,967606 ,4
327c4fea908ad500186f3b281ffd9c85,UDP     ,18     ,1        ,800      ,18 ,1  ,800,0      ,0      ,0 ,0      ,0      ,0
3301b2c6bccac62779ec816a372e8641,UDP     ,11     ,1        ,11       ,11 ,1  ,11 ,2627017,0      ,0 ,3130141,51016  ,4
33ae09c9c41578df56377e981ba2b9b0,TCP     ,11893  ,10867    ,1        ,525,54 ,1  ,6885760,0      ,0 ,1204571,595    ,1
33bd295fd9249d26cd64cabb2a38b01b,UDP     ,2      ,1        ,78       ,2  ,1  ,78 ,1548751,0      ,0 ,3135265,0      ,1
342c8dc47de54c7a8227912526dffb79,TCP     ,1899   ,2039     ,1        ,973,14 ,1  ,6259294,133439 ,6 ,1749741,1439892,13
3523f48841358c9b44211cf5a121fea3,TCP     ,66295  ,41785    ,1        ,382,1  ,1  ,4144908,486    ,0 ,1640777,4164762,3
354c40642f97b7fbabaf3a173ec44262,UDP     ,6      ,1        ,6        ,6  ,1  ,6  ,2590534,0      ,0 ,2792797,0      ,23
3669b53dd11909bb8b5f853c82910fd1,TCP     ,31653  ,25074    ,1        ,616,39 ,1  ,8471485,0      ,0 ,1484699,1048   ,7
369908ecd451ad538aeafb9b595e09eb,TCP     ,12046  ,10974    ,1        ,148,719,1  ,5487734,0      ,0 ,950363 ,881    ,3
3706b4fd3c92194e6116cb0f40e6c93b,TCP     ,5896   ,5635     ,1        ,977,17 ,1  ,8028944,0      ,0 ,1373152,0      ,1
380b2fa846c7b041de49fd565bc4b231,UDP     ,11     ,1        ,11       ,11 ,1  ,11 ,3016453,0      ,0 ,2222063,0      ,1
38aa4663e153972e6b63317631dfbb7f,TCP     ,15636  ,13922    ,1        ,359,459,1  ,6395645,0      ,0 ,1085469,0      ,1
39b684d5e448abcece02cdf29dde6cda,TCP     ,66610  ,41757    ,1        ,422,29 ,1  ,5797865,861584 ,9 ,214881 ,0      ,0
3b79981e8f1f92219add8c943c77d007,UDP     ,12     ,1        ,275      ,12 ,1  ,275,1685173,0      ,0 ,3135265,0      ,1
3dac5ef83a9e34371bd7c3c0733cd36b,TCP     ,6952   ,6580     ,1        ,879,10 ,1  ,8341471,0      ,0 ,1442175,0      ,7
3e04da1987736f143f2a69ca98ac95cc,UDP     ,11     ,1        ,178      ,11 ,1  ,178,1551360,0      ,0 ,3135266,0      ,3
402db11d6885de5d2c0fed4982321120,TCP     ,14714  ,13166    ,1        ,373,467,1  ,7801161,0      ,0 ,1335940,527    ,7
41f6d916c442e0541cbf0da832cff54a,TCP     ,6719   ,6397     ,1        ,877,10 ,1  ,4355216,0      ,0 ,746580 ,0      ,7
424ffcf42e438f67894582d8cef6dd4e,UDP     ,7      ,1        ,7        ,7  ,1  ,7  ,3560316,0      ,0 ,3093627,0      ,3
42c3016683437deb382d8fdabd438d14,TCP     ,33746  ,26332    ,1        ,640,22 ,1  ,8899980,0      ,0 ,1498491,1061   ,1
4438d16f17dbe7e31d69305dd7892080,UDP     ,7      ,1        ,7        ,7  ,1  ,7  ,3423395,0      ,0 ,2874649,0      ,2
44d4d7003771cd49b724bbbff150fb06,UDP     ,6      ,1        ,6        ,6  ,1  ,6  ,3618428,0      ,0 ,1581288,0      ,6
45cb858201114ef20e94ce24ba917d8d,UDP     ,8      ,1        ,8        ,8  ,1  ,8  ,2525594,0      ,0 ,2736287,0      ,1
474b2c214c447ec4369a9e7a5dc9bc4e,TCP     ,6378   ,6080     ,1        ,991,1  ,1  ,27446  ,497    ,0 ,2829934,8029895,8
475db014220dd39dc0dab8ccfc74c613,TCP     ,16631  ,14700    ,1        ,367,302,1  ,8709966,0      ,0 ,1487883,0      ,10
47b71dc7f1283a49d82c4406b48408d2,TCP     ,50887  ,35123    ,1        ,619,162,1  ,4061426,516439 ,0 ,1219732,1968440,4
48c48a867ca52d948973303bc721b39f,UDP     ,1099   ,13       ,1        ,968,13 ,1  ,2470473,602757 ,0 ,2516668,53657  ,9
49a83253667d7f3ae8d59f195fc01a93,TCP     ,6710   ,6392     ,1        ,874,25 ,1  ,8482512,0      ,0 ,1471643,2491   ,1
4d3c20881eb221dfdecab6e910af2512,TCP     ,12899  ,11736    ,1        ,152,623,1  ,8495993,0      ,0 ,1491947,0      ,1
4e1067343d6f34f8a3729d54382034a3,TCP     ,13172  ,11952    ,1        ,146,625,1  ,7147137,0      ,0 ,1220033,0      ,7
4ec7852e4c729d611323013f1afe775b,TCP     ,1784   ,2004     ,1        ,948,45 ,1  ,5362945,1006878,9 ,320707 ,11438  ,0
4f674046cdb537c135ae8c9f98f84cbf,TCP     ,31174  ,24774    ,1        ,658,12 ,1  ,4179546,443111 ,0 ,1338818,2429031,0
503ea47c2b9f49dd62a2b80637a2256e,TCP     ,21741  ,18455    ,1        ,272,121,1  ,8292274,0      ,0 ,1464315,391    ,2
524daa91009bad8692f7770dc61beb72,UDP     ,16     ,1        ,282      ,16 ,1  ,282,1981401,0      ,0 ,3135266,0      ,21
533e77e51e087311b7be8ace34815783,TCP     ,53450  ,36411    ,1        ,613,123,1  ,6096228,785179 ,0 ,1871724,2867644,10
53a2d63780a514261970a776520c571c,UDP     ,5      ,1        ,71       ,5  ,1  ,71 ,2872413,0      ,0 ,2856081,0      ,7
54b4ae9dbe1d21ecb25ce06b431ce719,TCP     ,5657   ,5425     ,1        ,955,10 ,1  ,8841687,0      ,0 ,1506155,17966  ,1
54d21d48c65ec87809c0adbe71109388,TCP     ,1721   ,1697     ,1        ,878,76 ,1  ,24904  ,8448   ,0 ,1950159,8132487,106
54d639d921ceef8060eb804a5672749b,UDP     ,4      ,1        ,122      ,4  ,1  ,122,3746769,0      ,0 ,3135266,0      ,14
55e711623f86622365194f1ee1fb9a7e,UDP     ,3      ,1        ,51       ,3  ,1  ,51 ,1876041,0      ,0 ,3135266,0      ,20
565f16c101f6e26f25cbdc0f0258e04b,UDP     ,12     ,1        ,310      ,12 ,1  ,310,1255415,0      ,0 ,3135266,0      ,6
5745d17a8591ba66f264c19a9aa00320,UDP     ,6      ,1        ,225      ,6  ,1  ,225,3588275,0      ,0 ,2866143,0      ,8227
5749449ca122e8a203a530586a1f28f2,UDP     ,23     ,1        ,23       ,23 ,1  ,23 ,3167947,0      ,0 ,3060761,0      ,2
586e3f0c5363df2a5ca9b53248b9ba74,TCP     ,2159   ,2113     ,1        ,984,1  ,1  ,31604  ,50     ,0 ,1856356,8399411,2
58c00bfa1a7cdeed42dec16b50b7a299,UDP     ,3      ,1        ,112      ,3  ,1  ,112,3772111,0      ,0 ,3135266,0      ,27
58fcb1f95687371795ab9dff690ba969,TCP     ,31284  ,24788    ,1        ,662,39 ,1  ,8562013,0      ,0 ,1507987,276    ,1
59e410269c9f81d926f9de2343e6aa62,TCP     ,7031   ,6662     ,1        ,817,1  ,1  ,8683992,0      ,0 ,1510174,2505   ,5
5aa0246c05de3435cdd12603753fecb4,TCP     ,13595  ,12237    ,1        ,400,542,1  ,8640245,0      ,0 ,1539331,677    ,12
5bdf5fc1273bda23ccaff90e5cffb40f,UDP     ,13     ,1        ,191      ,13 ,1  ,191,1250225,0      ,0 ,3135266,0      ,2
5c8e952b86c6f58a0635dd4a5bcd46e6,UDP     ,14     ,1        ,181      ,14 ,1  ,181,1917962,0      ,0 ,3135266,0      ,3
5cc22060a7e9457ee619db0c95efeadd,UDP     ,3      ,1        ,90       ,3  ,1  ,90 ,2165649,0      ,0 ,3135265,0      ,2
5d3064fec54e8e50c1eee178329cbed3,UDP     ,12     ,1        ,12       ,12 ,1  ,12 ,2913696,0      ,0 ,2991176,0      ,19
5db6ca9c77777d22f9efc0ba14d37993,TCP     ,15294  ,13606    ,1        ,348,433,1  ,8687952,0      ,0 ,1493241,555    ,5
5e4a76b0128f0991638e03b3b0d7ce4d,TCP     ,33515  ,26157    ,1        ,660,12 ,1  ,8739651,0      ,0 ,1531651,1562   ,1
60db4bacc978b34e89ac9c58e8969957,TCP     ,16958  ,14956    ,1        ,322,348,1  ,8017244,0      ,0 ,1402457,0      ,1
6174c4036ef81a53042d275341463199,TCP     ,2156   ,2350     ,1        ,940,46 ,1  ,8232875,175646 ,0 ,1834465,10791  ,1
6297de9c19ce35bb4738bd3687512a9a,UDP     ,6      ,1        ,95       ,6  ,1  ,95 ,1124669,0      ,0 ,3135266,0      ,4
64ad28fab0ac99d05c8c10bd68a94dfa,TCP     ,21566  ,49       ,1        ,705,49 ,1  ,5836868,615161 ,0 ,1452852,3813306,0
64be1c0b77483f14abbbdbb76d5ec305,TCP     ,14210  ,12781    ,1        ,390,567,1  ,8647835,0      ,1 ,1478378,3646   ,1
6580a0015f03e7d63b56b7e2ca62908c,TCP     ,5048   ,4863     ,1        ,291,504,1  ,8756989,0      ,0 ,1527219,0      ,4
65be65eff3db76438f48cab4c215ca37,TCP     ,23     ,1        ,1        ,23 ,1  ,1  ,9609021,0      ,0 ,1473720,49120  ,3
6737ba5dcd7789fd99f2e232e70c5c9b,TCP     ,54375  ,36544    ,1        ,634,95 ,1  ,6069988,673989 ,4 ,1637438,2851507,7
68387e4ccd91c2f0a78bd8050165b33a,UDP     ,2      ,1        ,63       ,2  ,1  ,63 ,1399502,0      ,0 ,3135266,13203  ,1
68a4dfd6ab5867239540d9492e83936b,TCP     ,1782   ,2010     ,1        ,945,45 ,1  ,7266187,107993 ,0 ,1685177,13774  ,5
6a0d938f9c5df9d0888ccdb002ea142b,TCP     ,26114  ,21571    ,1        ,817,75 ,1  ,8800356,0      ,0 ,1529446,351    ,9
6b443b1d79fc5ad00f9eaa65e08b5ae8,UDP     ,12     ,1        ,414      ,12 ,1  ,414,0      ,0      ,0 ,0      ,0      ,0
6c2b6b2d4e7fe0dedba454f8f999ab2d,TCP     ,34134  ,26572    ,1        ,584,1  ,1  ,8809643,0      ,0 ,1535245,511    ,5
6c94d9829f082c1d8174d6086d840667,UDP     ,16     ,1        ,434      ,16 ,1  ,434,0      ,0      ,0 ,0      ,0      ,0
6cd82763f267059c349a88f60e7d51d4,TCP     ,12397  ,11321    ,1        ,151,706,1  ,8801539,0      ,0 ,1514041,691    ,2
6e6319ae3c09a76f30317daf2361129a,TCP     ,9443   ,8792     ,1        ,656,87 ,1  ,8741438,0      ,0 ,1508684,0      ,37
6e95b0eeb0038092b2c095d65bf0c7ee,TCP     ,15753  ,14013    ,1        ,368,402,1  ,8486068,0      ,0 ,1466983,526    ,11
6ef82db6cb2b4f04fd0c4bb6785045fc,TCP     ,6466   ,6167     ,1        ,933,25 ,1  ,8404749,0      ,0 ,1462182,1286   ,1
6f59ec06cb29413b932ee110eafb078e,TCP     ,3      ,339      ,1        ,3  ,339,1  ,53940  ,0      ,0 ,2632672,7592968,29
71ff7d441d78589325be992853de0bc8,TCP     ,3156   ,11       ,1        ,975,7  ,1  ,27299  ,86971  ,0 ,1989379,8254566,3
72666503ae7af37518dbba7c85c80418,UDP     ,6      ,1        ,120      ,6  ,1  ,120,3384788,0      ,0 ,3135266,0      ,22
730279c40f615bb3d6957a6182043425,UDP     ,8      ,1        ,199      ,8  ,1  ,199,1755909,0      ,0 ,3135266,0      ,1
7369c084ba677414c62078391642dbdb,TCP     ,5695   ,5485     ,1        ,253,419,1  ,8743473,0      ,0 ,1472179,0      ,10
73aad2822ec235e23082e2b5a2d8655d,TCP     ,13272  ,11992    ,1        ,145,623,1  ,8459347,0      ,0 ,1454645,1244   ,1
74c05a70914089e0dc3c39f4c4648aac,UDP     ,18     ,1        ,544      ,18 ,1  ,544,0      ,0      ,0 ,0      ,0      ,0
75954540322b27440ec08f7fa1d8cf07,TCP     ,24     ,1        ,1        ,24 ,1  ,1  ,9207381,0      ,0 ,1449463,35976  ,3
7638c8061f9cb0dc0c3f7c614ac52725,TCP     ,1891   ,1868     ,1        ,973,1  ,1  ,11601  ,2      ,0 ,2507890,8913274,1
76a5e6214eda4d214898ca5f3962922a,TCP     ,8580   ,8044     ,1        ,674,146,1  ,8532626,0      ,0 ,1471631,31755  ,6
76c6ee3ef0095563819379d7860f026f,TCP     ,7293   ,6901     ,1        ,839,1  ,1  ,8753876,0      ,0 ,1523162,0      ,1
773585c60c206e9a98146943e4fa70d7,TCP     ,12926  ,11767    ,1        ,165,672,1  ,8729649,0      ,0 ,1493956,1999   ,7
778ac1da549ca9ed8a8f7b253cb8ede1,UDP     ,4      ,1        ,94       ,4  ,1  ,94 ,941318 ,0      ,0 ,3135266,8716   ,3
78bb5e4a381096b9e4d9c2fad4667c86,TCP     ,11198  ,10291    ,1        ,487,53 ,1  ,8677196,0      ,0 ,1493536,4720   ,16
79941bc51f9879472fd484ce5542e554,TCP     ,19272  ,16727    ,1        ,329,259,1  ,8522681,0      ,0 ,1505280,447    ,7
79b09752725ef0dc754ddc73a4aab6aa,TCP     ,28     ,28       ,1        ,28 ,28 ,1  ,55813  ,0      ,0 ,1485053,8515440,11
7a692d24819c8ec6ddc4e17b6eeff455,UDP     ,13     ,1        ,13       ,13 ,1  ,13 ,2950954,0      ,0 ,2323402,0      ,20
7ad76e2a6a959ed4b06f02ec51dcf566,UDP     ,16     ,1        ,144      ,16 ,1  ,144,1278474,0      ,0 ,3135266,0      ,13
7be5d0b068e5df261431496286c1e86f,UDP     ,3      ,1        ,124      ,3  ,1  ,124,2900199,0      ,0 ,2804242,0      ,18
7c48b9dc3286acde9c1419cd07be1c7d,UDP     ,6      ,1        ,137      ,6  ,1  ,137,1065098,0      ,0 ,3135266,0      ,25
7c4aea89cbb214c2decbcf8f54f82c9a,TCP     ,27219  ,22439    ,1        ,765,53 ,1  ,8549920,0      ,0 ,1480188,953    ,1
7c909649f4ec0dd3a88867641bacd056,TCP     ,3425   ,19       ,1        ,938,17 ,1  ,34123  ,26414  ,0 ,1997351,8352216,13
7d6ec50671440bf773a76f0da7c5e1d8,TCP     ,6426   ,6123     ,1        ,927,32 ,1  ,8536003,0      ,0 ,1485366,1328   ,10
7f19b44817e1d16ea99933c6bce54131,UDP     ,66423  ,41778    ,1        ,360,51 ,1  ,3255401,242433 ,1 ,1011512,0      ,2
7f2b2ef41a396bbd0269a4801fd84274,UDP     ,37     ,1        ,37       ,37 ,1  ,37 ,2102929,0      ,0 ,3135266,0      ,2
7fc0cd836b1f8b32bae78b6cd7cacf46,TCP     ,1906   ,2047     ,1        ,978,14 ,1  ,7263043,1349937,6 ,430992 ,5114   ,0
7ff63ada8c94b8d6064aa26f7e9efbac,UDP     ,15     ,1        ,172      ,15 ,1  ,172,1037143,0      ,0 ,3135266,5606   ,20
8300a94be92bd2f0ecf489eee728b626,UDP     ,5      ,1        ,132      ,5  ,1  ,132,1748668,0      ,0 ,3135266,3363   ,5
83612b86275de6b6d624f04e310fb903,UDP     ,18     ,1        ,18       ,18 ,1  ,18 ,3894604,0      ,0 ,2762717,0      ,1
8396012ed87a8538b18b325955170e82,TCP     ,13771  ,12446    ,1        ,365,556,1  ,8272295,0      ,0 ,1443362,0      ,7
848629338acdeb4b38b6486a342aa949,TCP     ,5947   ,5670     ,1        ,968,18 ,1  ,8622594,0      ,0 ,1507476,0      ,1
86bf22271e530d57313cc3c4d2e73c9d,UDP     ,16     ,1        ,401      ,16 ,1  ,401,0      ,0      ,0 ,0      ,0      ,0
86fdab682103f9ef28ed04ce7fd15e0a,TCP     ,32756  ,25765    ,1        ,649,12 ,1  ,7777358,0      ,0 ,1422863,471    ,39
8872a9dbe3bd77b5c0ada46e017d18b6,TCP     ,19528  ,16776    ,1        ,311,259,1  ,8480005,0      ,0 ,1469789,416    ,10
88adde96b22526523c80ab58c04d48cd,TCP     ,10400  ,9616     ,1        ,488,67 ,1  ,8428378,0      ,0 ,1463955,765    ,2
894d272c5ec151356713c9190e3e1db1,TCP     ,12372  ,11297    ,1        ,132,680,1  ,8275682,0      ,0 ,1438560,696    ,3
8a97b302d5a323de03cf4016c2f76bbe,TCP     ,16177  ,14328    ,1        ,380,396,1  ,8549225,0      ,0 ,1489991,1597   ,21
8b306430e7e44749438a7a76c8f49137,TCP     ,30716  ,24482    ,1        ,653,46 ,1  ,8686434,0      ,0 ,1561464,0      ,5
8b5ee8f1ee04cc454040cbe9137806c0,TCP     ,5919   ,5682     ,1        ,974,10 ,1  ,8526194,0      ,0 ,1459324,1431   ,2
8c57fb5e3a653289624f17abb8dcaac4,TCP     ,1718   ,1698     ,1        ,844,81 ,1  ,25034  ,3894   ,0 ,1933208,8469357,9
8d031b0dcaa77b2cd4d015ced7b3cfe1,TCP     ,5856   ,5594     ,1        ,962,25 ,1  ,7640304,0      ,0 ,1321818,0      ,13
8da6cac139ae8bb3a3fef80a7dfbf099,TCP     ,18751  ,16403    ,1        ,304,248,1  ,8666667,0      ,0 ,1526932,1375   ,5
8e4c9e0a6e37b2eb954a868db67b6b4d,UDP     ,7      ,1        ,241      ,7  ,1  ,241,1541246,0      ,0 ,3135266,0      ,2
8eb33ec7f4540411cca40d5240dc1487,UDP     ,41     ,8        ,1        ,41 ,8  ,1  ,1239184,0      ,0 ,3135266,0      ,2
8f2fe83cc03b36fb880fb6c13bfb2518,TCP     ,22911  ,19330    ,1        ,926,1  ,1  ,8694760,0      ,0 ,1539637,368    ,12
9138ab0055963f033fd015cea2ef1bc6,UDP     ,8      ,1        ,280      ,8  ,1  ,280,1105645,0      ,0 ,3135266,0      ,1
914fac6f580cece4a4f39e056d94e272,TCP     ,16087  ,14215    ,1        ,352,374,1  ,8746985,0      ,0 ,1491712,557    ,14
91584f010207de9720454193e315d02f,TCP     ,7976   ,7483     ,1        ,707,191,1  ,8609200,0      ,0 ,1482986,0      ,2
915c470676ed79290c9f021114647421,TCP     ,2      ,1        ,1        ,2  ,1  ,1  ,8525027,0      ,0 ,1465860,24861  ,3
91c92016c671a6b466e3e3ea2fe76332,TCP     ,13102  ,11887    ,1        ,149,660,1  ,8600739,0      ,0 ,1479914,0      ,12
921a0d65f7cb7b321862f7787d4986d6,UDP     ,13     ,1        ,13       ,13 ,1  ,13 ,3806988,0      ,0 ,2400389,0      ,19
948922a24621857f60ff55f0b92d225f,UDP     ,8      ,1        ,8        ,8  ,1  ,8  ,2907370,0      ,0 ,2941587,335373 ,16
94e9a2940ddd082e6e3fdc84ead74ef0,TCP     ,26779  ,21906    ,1        ,773,57 ,1  ,8458798,0      ,0 ,1464440,620    ,20
95120088fead57b6620bba06ee0ba5ca,UDP     ,5      ,1        ,170      ,5  ,1  ,170,1333638,0      ,0 ,3135266,0      ,17
955a5cd15843aa5c4155fd3f69651e15,TCP     ,2      ,1        ,1        ,2  ,1  ,1  ,8884615,0      ,0 ,1451444,54485  ,1
956b0d4feeafbdb4d125effbaec29cfd,TCP     ,1906   ,2047     ,1        ,978,14 ,1  ,7943597,138248 ,0 ,1798124,11833  ,11
9647a3a2d057b7cfe984b0449480369f,TCP     ,34939  ,27039    ,1        ,585,1  ,1  ,8717953,0      ,0 ,1549499,510    ,3
967a3709db351926be99ddc0f7d4697a,UDP     ,11     ,1        ,239      ,11 ,1  ,239,1489780,0      ,0 ,3135266,0      ,5
968117c31b16d683deae5f5ec641c88f,TCP     ,212    ,8538     ,1        ,201,381,1  ,6954417,2018279,13,641887 ,790711 ,1
975915f31ab85a3b39ede1a692a43eb2,TCP     ,37157  ,28198    ,1        ,671,12 ,1  ,5416311,766172 ,3 ,1938508,3000419,0
97fd9c08bd2d121abbe4d9d7e85a9fab,UDP     ,7      ,1        ,7        ,7  ,1  ,7  ,2959499,0      ,0 ,3074151,516266 ,13
983d0d3be373f51f249d1c0144c552ed,UDP     ,1099   ,9        ,1        ,968,9  ,1  ,2447603,604529 ,0 ,2523911,45421  ,1
98c82b98109a8dc6811e50d86010a5d6,TCP     ,12734  ,11590    ,1        ,779,28 ,1  ,200812 ,703406 ,0 ,2191513,8194202,7
98f999143a5d41b73de4498a4c8d51b1,TCP     ,19109  ,16618    ,1        ,755,11 ,1  ,5128107,527064 ,5 ,1302854,3276007,0
998217264ab3fbdc001bb5d473e59173,TCP     ,12714  ,11596    ,1        ,149,658,1  ,8721748,0      ,0 ,1515228,1378   ,7
9a50bc868171124750e83105352aa103,TCP     ,18698  ,16250    ,1        ,341,255,1  ,8745963,0      ,0 ,1508075,930    ,20
9ae4af2b74c64e5243e5ef791c9894ff,UDP     ,14     ,1        ,488      ,14 ,1  ,488,0      ,0      ,0 ,0      ,0      ,0
9b5987a259eab74e3a70189fc22ed529,TCP     ,1811   ,1788     ,1        ,862,53 ,1  ,26041  ,5341   ,0 ,1949787,8265558,7
9b87222053c383934c1347e45f383701,UDP     ,18     ,1        ,327      ,18 ,1  ,327,1529496,0      ,0 ,3135266,12888  ,1
9c436570b69e98e36fcff55f51b7db02,UDP     ,35     ,1        ,35       ,35 ,1  ,35 ,2889192,0      ,0 ,2738384,0      ,11
9cbae8f5bb8e68663e2253f8450a1aee,TCP     ,26652  ,21924    ,1        ,710,59 ,1  ,5158344,580511 ,6 ,1478143,3140913,0
9d77b5cbba6899a17c23ea5871ad5fba,TCP     ,76980  ,44930    ,1        ,589,13 ,1  ,5511185,787530 ,10,1927892,2418170,8
9ec938d83a145c111e4dc96438f7d903,TCP     ,5962   ,5673     ,1        ,973,12 ,1  ,8329201,0      ,0 ,1460372,0      ,1
9f1663cd07e5a4f00c9cc8c9b81a1945,TCP     ,7039   ,6712     ,1        ,840,25 ,1  ,8716781,0      ,0 ,1520565,2466   ,4
9f2d134c9d1f77d377420946b382ca9c,UDP     ,15     ,1        ,336      ,15 ,1  ,336,934107 ,0      ,0 ,3135266,0      ,21
9f9b19d9aeb3efd03f984994cd8cf8da,TCP     ,84943  ,47228    ,1        ,583,13 ,1  ,4778745,835126 ,10,2042694,2073065,21
a02a984e063c08068fa1e38718659b62,TCP     ,34120  ,26512    ,1        ,707,30 ,1  ,4856442,689088 ,7 ,1697229,2660083,6
a0b8ad7dad118fc46736b8d52a6e9c60,TCP     ,2463   ,2425     ,1        ,939,22 ,1  ,47361  ,7930   ,0 ,1703080,8001123,3
a3644f57a18ccb958a3d64f96e943828,UDP     ,10     ,1        ,302      ,10 ,1  ,302,1089929,0      ,0 ,3135266,0      ,2
a3b407c230940e557d657ab7511e0a9f,TCP     ,18710  ,16156    ,1        ,754,1  ,1  ,291830 ,1275   ,0 ,1922988,8037614,2
a3bbaba745fbded23fc3217df906cff5,UDP     ,6      ,1        ,101      ,6  ,1  ,101,1572467,0      ,0 ,3135266,0      ,2
a3d5d0f2572b7fb2a02abca870483b31,TCP     ,11084  ,10180    ,1        ,143,813,1  ,8236520,0      ,0 ,1418725,3626   ,12
a3e78a6e687223edf712320712686ab2,UDP     ,27     ,1        ,27       ,27 ,1  ,27 ,3673626,0      ,0 ,3128336,74370  ,9
a3eb865faa52d6c28fc328cde3a227b5,TCP     ,6699   ,6407     ,1        ,994,1  ,1  ,43322  ,986    ,0 ,2302834,7897073,15
a5554cdb360aa6c386bae7656fc8a26c,TCP     ,719    ,21050    ,1        ,595,53 ,1  ,0      ,0      ,0 ,0      ,0      ,0
a5b44e6c2ef7bebaf6b1d1d9e069ecac,TCP     ,31780  ,25188    ,1        ,657,12 ,1  ,8674197,0      ,0 ,1607600,815    ,1
a60c98fd7a78dfdcded33d10dd889e2e,UDP     ,8      ,1        ,124      ,8  ,1  ,124,3350437,0      ,0 ,3135266,0      ,1
a89b7e2b2c68423fb5a2cd59bb938ea8,UDP     ,153    ,1        ,985      ,153,1  ,787,1110946,605940 ,0 ,2529326,0      ,7
a8fa7478dc84619cc3ff106a04363c00,UDP     ,168    ,1        ,986      ,168,1  ,777,1148160,605940 ,0 ,2529326,0      ,7
aa4011f67afcc6a316c24436d1d5a9b0,TCP     ,12259  ,11162    ,1        ,160,746,1  ,8442901,0      ,0 ,1445938,717    ,7
aa55c194d1ddc55231c1862ef6c54971,TCP     ,23791  ,19987    ,1        ,876,90 ,1  ,8686868,0      ,0 ,1512281,0      ,1
aa7f71f906200ade61bba505156343cc,TCP     ,3358   ,3280     ,1        ,938,9  ,1  ,42499  ,116920 ,0 ,1952191,8291183,2
ab36cf8007f4a0ca03195d92db11d846,TCP     ,19254  ,16700    ,1        ,290,211,1  ,8168845,0      ,0 ,1429159,818    ,22
abdc10fabdb343768c96dc3e3d30372a,UDP     ,15     ,1        ,640      ,15 ,1  ,640,0      ,0      ,0 ,0      ,0      ,0
acc4394329ad248f5e77c165804a0bc6,UDP     ,4      ,1        ,98       ,4  ,1  ,98 ,1591222,0      ,0 ,3135266,0      ,9
acc74cb8fd63f0dfd10dae5bdecae42a,TCP     ,6      ,1        ,1        ,6  ,1  ,1  ,8915706,0      ,0 ,1456630,16993  ,5
ad7ddd952b807f21c6a91de03a12527e,TCP     ,15121  ,13485    ,1        ,780,40 ,1  ,4636514,530883 ,11,1373336,3615729,1
ada34a9e7c812fcce244a87d39f0362c,TCP     ,19655  ,17046    ,1        ,314,238,1  ,8263984,0      ,0 ,1428239,0      ,14
ae87f4dbbd8c4ccc941995ff673e29b0,UDP     ,20     ,1        ,455      ,20 ,1  ,455,0      ,0      ,0 ,0      ,0      ,0
af254ac963139fc85e9a42ceaabc91d6,UDP     ,5      ,1        ,145      ,5  ,1  ,145,1654156,0      ,0 ,3135266,27856  ,19
af7af871db3ea21fe00c37f70e6d11cb,UDP     ,6      ,1        ,244      ,6  ,1  ,244,1573090,0      ,0 ,3135266,6395   ,10
b0bed1288522fdc2bffea0396ba00084,UDP     ,5      ,1        ,157      ,5  ,1  ,157,1313583,0      ,0 ,3135266,0      ,4
b13265de1c866fb86021595e564a2ff2,UDP     ,2      ,1        ,48       ,2  ,1  ,48 ,3083280,0      ,0 ,3135266,0      ,1
b31fef7a664bc7101a0754852a977026,UDP     ,16     ,1        ,486      ,16 ,1  ,486,0      ,0      ,0 ,0      ,0      ,0
b35dccab32d90d4f338abd8ed4b26dc3,TCP     ,20166  ,17384    ,1        ,287,163,1  ,8124948,0      ,0 ,1403789,0      ,2
b40aae049263409f1e2a8ff3e8053092,TCP     ,16947  ,14941    ,1        ,335,306,1  ,8318725,0      ,0 ,1422417,1465   ,1
b5899b7b37479aeeeab460be6c18a9b7,TCP     ,10247  ,9510     ,1        ,554,97 ,1  ,8515516,0      ,0 ,1453571,0      ,1
b71de491259cfec8bf8874626f0b9478,TCP     ,24404  ,20359    ,1        ,811,90 ,1  ,8688210,0      ,0 ,1517149,344    ,8
b7277b9c14fe85b3105ad3b623cbc6f0,TCP     ,188    ,7669     ,1        ,179,406,1  ,3170299,471767 ,1 ,1788239,3385207,8
b7f9552d3ed992c211e581de166c96f2,TCP     ,643    ,19804    ,1        ,532,401,1  ,7609192,127578 ,0 ,2384667,10310  ,2
b8d74c569f985a8d6b20192345db732f,TCP     ,6635   ,6283     ,1        ,903,1  ,1  ,8569674,0      ,0 ,1476109,0      ,2
baf5d366adcda5ae23e1b22d103b62ba,TCP     ,65728  ,41351    ,1        ,601,36 ,1  ,5105887,649141 ,4 ,1603489,2313250,17
bc7d4276afb17e5b891cc52a6ab227cf,TCP     ,12770  ,11610    ,1        ,155,659,1  ,8597202,0      ,0 ,1505937,1339   ,7
bd3dd0d241ed5dafb0837c557ffeb3c3,UDP     ,14     ,1        ,180      ,14 ,1  ,180,1011083,0      ,0 ,3135266,0      ,28
bd9cb3b69f02c8fdba7efc5bb8a6a4db,UDP     ,47     ,1        ,47       ,47 ,1  ,47 ,3465989,0      ,0 ,3135266,0      ,1
bef6d85dfd9a79b2da4f33fa7f666d59,TCP     ,140    ,5429     ,1        ,130,592,1  ,2816590,509857 ,1 ,1950941,4682969,1
bf0d6dd9cc4e2914a0403eadc58e4973,UDP     ,15     ,1        ,321      ,15 ,1  ,321,1122730,0      ,0 ,3135266,3476   ,3
bf1727bdaefe5ddd4cef7fdfecdf2379,UDP     ,122    ,1        ,122      ,122,1  ,122,2547539,0      ,0 ,3135266,0      ,2
bf658bd4e4dbe9d31c125f531a3d27ab,UDP     ,39     ,1        ,39       ,39 ,1  ,39 ,3687833,0      ,0 ,3112623,0      ,1
bf67a6ad0469624bc476de8ab7c3400e,TCP     ,34852  ,26986    ,1        ,596,1  ,1  ,8439659,0      ,0 ,1489866,490    ,4
bf6bf159d7237d3dfcb9ff0d68764079,UDP     ,15     ,1        ,219      ,15 ,1  ,219,2159186,0      ,0 ,3135266,0      ,21
c093f324dc7908241b9be60bb8b58473,UDP     ,17     ,1        ,356      ,17 ,1  ,356,0      ,0      ,0 ,0      ,0      ,0
c0b5dac5f4d53a8d750873ed35671149,TCP     ,2      ,2        ,1        ,2  ,2  ,1  ,3052   ,0      ,0 ,1500965,8559324,47
c10abd75258803ae46144e1f206b93f5,UDP     ,7      ,1        ,7        ,7  ,1  ,7  ,1307420,0      ,0 ,3135266,285258 ,15
c19e1b67baec3afe060c93ef25aee2c4,TCP     ,8439   ,7955     ,1        ,736,137,1  ,8276372,0      ,0 ,1426670,0      ,1
c4a88192c480b29ec408de36e8182a9f,TCP     ,10242  ,9482     ,1        ,603,65 ,1  ,8501545,0      ,0 ,1498794,841    ,3
c5197a2b7c5e37eca2b4e9e23efa95e7,UDP     ,2      ,1        ,30       ,2  ,1  ,30 ,898100 ,0      ,0 ,3135266,0      ,1
c606c18a73329bd75ce7147b0359d974,TCP     ,13452  ,12110    ,1        ,396,592,1  ,8439902,0      ,0 ,1449893,631    ,2
c75d925b98e7fe29adeb6e3f5983817f,UDP     ,32     ,1        ,32       ,32 ,1  ,32 ,2458824,0      ,0 ,3135266,0      ,2
c7d18456b0f108530600b1e8357ec665,TCP     ,3      ,1        ,1        ,3  ,1  ,1  ,8962039,0      ,0 ,1468464,36     ,1
c8a0e79073629bb1dfea2112c07a774c,TCP     ,6091   ,5829     ,1        ,954,23 ,1  ,8635201,0      ,0 ,1503924,0      ,2
c8b2ee81d5d417e9bb9e23d520c477ee,UDP     ,2      ,1        ,32       ,2  ,1  ,32 ,3089323,0      ,0 ,3135266,0      ,43
c96af6d9988bd4386a7db24d5fd3d32c,TCP     ,164    ,5974     ,1        ,149,526,1  ,6612153,1932926,11,620943 ,1038365,0
c9920708d88e92d87dc53a4f2ee9908a,UDP     ,7      ,1        ,7        ,7  ,1  ,7  ,3242510,0      ,0 ,3085549,506574 ,27
ca59a133cf73ea743908aa207a074dd4,TCP     ,389    ,3966     ,1        ,367,556,1  ,5504060,6205   ,0 ,2478134,1765119,2
cb24912d8354938667c4c37b8862c679,TCP     ,12136  ,11063    ,1        ,459,42 ,1  ,8596085,0      ,0 ,1485479,2108   ,15
cb64829d271436ed8cecb4bb27361bc3,TCP     ,7761   ,7307     ,1        ,791,1  ,1  ,8652176,0      ,0 ,1503659,1085   ,1
cb6dfe8c20909ecfd02ef8e8b2c6aa3c,TCP     ,6844   ,6497     ,1        ,844,18 ,1  ,8565046,0      ,0 ,1496668,0      ,1
cc8a3617866a4ad112ac2e7315a92e3d,UDP     ,5      ,1        ,122      ,5  ,1  ,122,2158105,0      ,0 ,3135263,0      ,9
cd308b6eabf0d0d84028e8f6d812ec27,UDP     ,12     ,1        ,12       ,12 ,1  ,12 ,4002556,0      ,0 ,1931935,226741 ,4
cd5f2d18a669bac477013a7c3cd8538f,TCP     ,21798  ,18561    ,1        ,269,142,1  ,8653216,0      ,0 ,1521555,406    ,1
ce2b3dd035f5ee3ac8a9f530c90c5816,TCP     ,15147  ,13567    ,1        ,357,446,1  ,8643579,0      ,0 ,1500318,576    ,12
cfb18b61492a66ce911aa610dd7f8bfd,TCP     ,25386  ,21128    ,1        ,859,81 ,1  ,8601472,0      ,0 ,1563560,310    ,1
cfb5e3087834c5a423727f1ae9ca47e7,UDP     ,59     ,4        ,1        ,59 ,4  ,1  ,1120063,0      ,0 ,3135266,0      ,12
d0a8baa3a49351a64abe15bacfcbfd4c,UDP     ,13     ,1        ,94       ,13 ,1  ,94 ,1799896,0      ,0 ,3135266,0      ,1
d0e3e7183360c2266df617aaca2d304e,TCP     ,11909  ,10884    ,1        ,150,809,1  ,8037396,0      ,0 ,1395224,1364   ,1
d2909bacb4ead04763393f239e434c57,TCP     ,10701  ,9901     ,1        ,755,60 ,1  ,0      ,0      ,0 ,0      ,0      ,0
d2b81b36e63a92e6811a61d15612a6cd,TCP     ,15043  ,13433    ,1        ,746,19 ,1  ,4881879,602705 ,8 ,1870062,3728279,25
d317234dd833a88d5000f4f87639140d,TCP     ,15601  ,13861    ,1        ,749,25 ,1  ,4604120,463608 ,6 ,1435196,3493388,8
d3d5d8c57ffd4dd8bbf51cdf0f46e5ef,UDP     ,9      ,1        ,211      ,9  ,1  ,211,1117460,0      ,0 ,3135266,6635   ,6
d3f08d7a958c1e200ea2ee9038d72589,TCP     ,6790   ,6444     ,1        ,898,1  ,1  ,8309779,0      ,0 ,1439643,0      ,1
d41d698fd2ae26307528cd4a0c6de5e8,TCP     ,8653   ,8170     ,1        ,740,150,1  ,219197 ,596152 ,5 ,1822745,7755638,1
d442035488dd227043575c4008fb4aba,UDP     ,7      ,1        ,7        ,7  ,1  ,7  ,3172521,0      ,0 ,3135266,881250 ,1
d5fc48e54ce98252f2c748728c34a25a,UDP     ,20     ,1        ,437      ,20 ,1  ,437,0      ,0      ,0 ,0      ,0      ,0
d6b92e937ebf77ba0a24c04bb5304037,TCP     ,6603   ,6284     ,1        ,913,18 ,1  ,8517667,0      ,0 ,1474111,3880   ,1
d6cd98bb6eca8e5b95db9c54bd84ea86,TCP     ,23004  ,63       ,1        ,703,58 ,1  ,5209992,613209 ,4 ,1454384,3403594,1
d73d0246981dde6351ef6e9d3085dab5,UDP     ,114    ,1        ,114      ,114,1  ,114,3152601,0      ,0 ,3135266,52080  ,17
d7402eceef0df214a61e9e31a20097c9,UDP     ,26     ,1        ,325      ,26 ,1  ,325,1162458,0      ,0 ,3135266,3124   ,3
d8b50c1e9fdf0d7f7f9a191e49bcac6c,TCP     ,20729  ,17713    ,1        ,313,178,1  ,8686939,0      ,0 ,1521573,425    ,10
d8e1bac86d7c12f692c1db4e56ddb9d5,TCP     ,6992   ,6624     ,1        ,882,17 ,1  ,8533165,0      ,0 ,1487123,0      ,3
d8ecc4556c6300355248ce2df77c49d3,UDP     ,2      ,1        ,76       ,2  ,1  ,76 ,2141820,0      ,0 ,3135266,23152  ,11
d9103c17cf563a8a40d3ec0dfff0fcb7,UDP     ,7      ,1        ,170      ,7  ,1  ,170,1525882,0      ,0 ,3135266,17983  ,13
d96e85c5f1b3b208c4f53b95abb4aa4a,UDP     ,6      ,1        ,142      ,6  ,1  ,142,1763742,0      ,0 ,3135266,23310  ,9
da27a3365d19888db6a6e3be0b29e669,UDP     ,18     ,1        ,485      ,18 ,1  ,485,0      ,0      ,0 ,0      ,0      ,0
dab83f654d29e7c10216de01367e73b2,TCP     ,3      ,3        ,1        ,3  ,3  ,1  ,4729   ,0      ,0 ,1521319,8689830,2
dbd0756e16cc985a81741fbe048627c7,UDP     ,115    ,1        ,45297    ,115,1  ,794,916774 ,605940 ,0 ,2529326,0      ,4
dcf432c3bd46285a37c536ff0a76fed6,TCP     ,28143  ,22856    ,1        ,739,54 ,1  ,8735701,0      ,0 ,1569650,969    ,3
dd970144d10760adef141d956a60d401,UDP     ,55     ,5        ,1        ,55 ,5  ,1  ,1089215,0      ,0 ,3135266,0      ,1
def8adfcb1f4c290394239f8867c066a,TCP     ,7574   ,7140     ,1        ,724,226,1  ,8533279,0      ,0 ,1469021,2246   ,3
e02ef1367251102edf70b4700bba4447,TCP     ,6455   ,6162     ,1        ,879,25 ,1  ,8163701,0      ,0 ,1615416,1253   ,27
e03e6d034a594d08c4b4b462699ffca6,TCP     ,9614   ,8944     ,1        ,761,94 ,1  ,175518 ,711005 ,4 ,2102164,8045995,3
e1a41a64f56779841448b722ad95cbbf,UDP     ,20     ,1        ,318      ,20 ,1  ,318,1025853,0      ,0 ,3135266,0      ,26
e24949ad9d00c998a22725fd533728f3,TCP     ,24950  ,20710    ,1        ,792,95 ,1  ,8617696,0      ,0 ,1493229,0      ,78
e48f7b7354767cec1ddab6b758f46d77,TCP     ,6353   ,6076     ,1        ,928,18 ,1  ,8688967,0      ,0 ,1521908,0      ,2
e4ed2d7237e72181e0185f1d46e022de,UDP     ,6      ,1        ,229      ,6  ,1  ,229,1697891,0      ,0 ,3135266,0      ,4
e5859c5cf5e10220cbb26664259b71d8,TCP     ,5833   ,5568     ,1        ,274,417,1  ,8386662,0      ,0 ,1425021,1434   ,8
e6b4adab54d19c7dd854ab7fa6374dc8,TCP     ,69202  ,42460    ,1        ,606,13 ,1  ,6914622,683749 ,3 ,1668533,1923650,11
e6c3668c7cd00f4b287b6fc92a0afcb9,UDP     ,7      ,1        ,275      ,7  ,1  ,275,1090684,0      ,0 ,3135265,3419   ,4
e724b47f258c1e651e2ce72bd6f989c8,TCP     ,5386   ,5124     ,1        ,315,466,1  ,8807124,0      ,0 ,1491711,0      ,1
e7348003d576d60ece6ea800b41e2981,TCP     ,5897   ,5608     ,1        ,957,24 ,1  ,8654214,0      ,0 ,1508544,1502   ,13
e75f94a6a5b6afb05b20872800a6db97,UDP     ,115    ,15       ,1        ,115,15 ,1  ,1106315,0      ,0 ,3135266,0      ,13
e767ac8732b5bf1ca108fa87cccca637,TCP     ,15057  ,13348    ,1        ,773,38 ,1  ,4831679,544012 ,5 ,1410638,3726799,11
e76de69bb4ccbb9ba547471b255e1efd,TCP     ,19031  ,16539    ,1        ,315,207,1  ,7755506,0      ,0 ,1369256,0      ,8
e80b7c70e4932c8e5e5d98a3269e06fe,UDP     ,6      ,1        ,6        ,6  ,1  ,6  ,2557366,0      ,0 ,2188612,797354 ,1
e85739e64cf0f7882f36f676c5114fac,UDP     ,10     ,1        ,10       ,10 ,1  ,10 ,4599418,0      ,0 ,2600393,0      ,1
e93d5dce39222781a2d412c6f0ea028f,TCP     ,170    ,5265     ,1        ,162,574,1  ,3358668,129247 ,5 ,2437459,4093783,21
e9beae87c340afe2668dce0a7001ac24,UDP     ,25     ,1        ,25       ,25 ,1  ,25 ,2720753,0      ,0 ,2470097,0      ,5
ea61108d76c3f0c28ae28b624d832c90,TCP     ,4021   ,3912     ,1        ,954,1  ,1  ,20079  ,933    ,0 ,2704768,8368096,21
ea93e17afc482f41eda9ea20881c3c88,TCP     ,14873  ,13299    ,1        ,401,442,1  ,8796721,0      ,0 ,1514655,2406   ,24
eb71b97d7e3aecc2353c402ead9293ac,TCP     ,18940  ,16434    ,1        ,313,277,1  ,8348816,0      ,0 ,1465364,887    ,3
ec33535d853bee050aa59b60e3f545da,TCP     ,58934  ,38614    ,1        ,575,101,1  ,4608890,569283 ,9 ,1404028,2139432,0
ec4a3b49b9fa0f6d71c4074c979f1ab6,TCP     ,6919   ,6571     ,1        ,723,10 ,1  ,183006 ,563775 ,4 ,1847673,8713816,0
eea4d8aa213a1b0c499e50b2d956d618,UDP     ,9      ,1        ,357      ,9  ,1  ,357,0      ,0      ,0 ,0      ,0      ,0
eec7de3e8a4063a6ae4565d7f959fe3b,TCP     ,9707   ,9021     ,1        ,596,98 ,1  ,8466647,0      ,0 ,1462713,0      ,1
eef6e5ae52430e3b0698be05c1fe3a9b,TCP     ,9279   ,8646     ,1        ,670,110,1  ,8760875,0      ,0 ,1528758,949    ,14
effb43ecfe8ccb23b5edfa7e6d519660,UDP     ,13     ,1        ,180      ,13 ,1  ,180,1832027,0      ,0 ,3135266,0      ,4
f0272bfa88decdbebfeed375b4d09a9d,TCP     ,19793  ,17080    ,1        ,282,172,1  ,7997519,0      ,0 ,1388665,1182   ,20
f17db0d141a535c1b18d70cbfe13a6a5,UDP     ,18     ,1        ,595      ,18 ,1  ,595,0      ,0      ,0 ,0      ,0      ,0
f3b29e36a3ded4a49bf3937730d6b0d9,TCP     ,6700   ,6392     ,1        ,712,10 ,1  ,105956 ,658795 ,5 ,2131973,7690488,1
f621936359aca6116a3bd69b370c2a67,UDP     ,24     ,1        ,764      ,24 ,1  ,764,0      ,0      ,0 ,0      ,0      ,0
f686ce6cfb9e038f7071e080228698d2,UDP     ,16     ,1        ,16       ,16 ,1  ,16 ,2893027,0      ,0 ,3022300,0      ,5
f6e29b85bbc8ce4180c512abb18934a8,TCP     ,51143  ,35391    ,1        ,628,208,1  ,5307194,706690 ,5 ,2070442,2545057,4
f792a55b9379cdcdf10eefeb2f1f5f7d,TCP     ,7415   ,7032     ,1        ,746,1  ,1  ,46883  ,4041   ,0 ,2520953,8725397,24
f958dcaf4c0a8a7386a47ce7e0e78fcb,TCP     ,4520   ,4364     ,1        ,894,50 ,1  ,0      ,0      ,0 ,0      ,0      ,0
fa60cb80a3682e46b2485bc70a6f081b,TCP     ,21673  ,18456    ,1        ,990,1  ,1  ,8618033,0      ,0 ,1525214,778    ,7
fb6eee4a8e759b9c5efe61c281e45f0b,TCP     ,9835   ,9118     ,1        ,576,124,1  ,8647852,0      ,0 ,1479964,872    ,1
fbbc0eb4bc7efaa595a284a8682d122e,UDP     ,9      ,1        ,263      ,9  ,1  ,263,1801237,0      ,0 ,3135266,0      ,9
fbd6ca4d9a05a858a1c9c7a428acf18a,TCP     ,55580  ,37170    ,1        ,639,124,1  ,5824407,604311 ,9 ,1753992,2767269,15
fc47519221339fb78655fbf25739765d,TCP     ,8769   ,8211     ,1        ,703,164,1  ,8459758,0      ,0 ,1467352,973    ,1
fd06f0fb58e60cf868de83b5ab6fc350,UDP     ,13     ,1        ,158      ,13 ,1  ,158,1152840,0      ,0 ,3135266,0      ,24
fe18a5d044e42fbe9eae40a118c50968,TCP     ,8482   ,7971     ,1        ,664,159,1  ,8647511,0      ,0 ,1498162,0      ,12
fe51e2f6633f873f62dc4976addd9b06,TCP     ,12443  ,11315    ,1        ,151,750,1  ,8786364,0      ,0 ,1493811,0      ,1
ffd1822ab7ae0e21e4b618bbcbd3dfb5,TCP     ,2152   ,2345     ,1        ,940,46 ,1  ,6559385,172612 ,6 ,1808241,1520451,13