name                            ,protocol,OI   ,OS   ,OD   ,I  ,S  ,D  ,TP     ,FP     ,UP,TN     ,FN     ,UN
00631e77cb5c08e9d5e7673a73bcd887,UDP     ,18   ,1    ,123  ,18 ,1  ,123,1057526,52     ,0 ,3135214,0      ,14
020e498be5f87867d753a300e48b6eb3,UDP     ,3    ,1    ,45   ,3  ,1  ,45 ,2288777,15     ,0 ,3098202,0      ,19
0292e2d214e6c58dc2e463cc4281b1e4,TCP     ,6    ,1    ,1    ,6  ,1  ,1  ,9133504,15830  ,0 ,1475883,17571  ,5
02ca4f902b395e0fa10d56b7a1a70a9f,TCP     ,7567 ,7154 ,1    ,797,1  ,1  ,8084453,457232 ,14,957438 ,1073   ,3
05d8f0758a35f567a069a25b54cc2a22,UDP     ,225  ,6    ,1    ,225,6  ,1  ,1337768,4      ,0 ,3135257,0      ,29
06fd611bee580290adb83b5a2bc0f069,UDP     ,6    ,1    ,6    ,6  ,1  ,6  ,2678936,0      ,0 ,3109633,0      ,15
07047eb879829a0f00ba03fa1425a2ae,UDP     ,16   ,1    ,368  ,16 ,1  ,368,0      ,0      ,0 ,0      ,0      ,0
07643f4c01920d5130226ed9f19d4b1e,TCP     ,21437,18220,1    ,309,160,1  ,8626128,427459 ,15,1077316,0      ,2
079c27d54c337110c12ae61ea3efe580,UDP     ,6    ,1    ,133  ,6  ,1  ,133,1947714,20     ,0 ,3135246,22133  ,8
0894623296ecae40349eff74e4fa1f1f,TCP     ,6990 ,6647 ,1    ,874,23 ,1  ,8576583,425171 ,20,1044483,0      ,1
0ac695f2b205e619618265f72b69ff2a,TCP     ,8314 ,7801 ,1    ,741,203,1  ,8775466,427772 ,13,1088393,0      ,3
0b605258e1a354f3552dd45b4dd3ba54,TCP     ,37   ,680  ,1    ,37 ,680,1  ,0      ,0      ,0 ,0      ,0      ,0
0bf9e1720d3a65a4310458f8e4f170cf,TCP     ,20474,17555,1    ,313,157,1  ,8361176,410079 ,33,1037341,1653   ,1
0c2b1312ce22a317922ee510b1a7c7a5,UDP     ,120  ,1    ,40203,120,1  ,34 ,911926 ,307504 ,0 ,2827762,0      ,17
0da6d52ff78561c80db8f2ffca43d794,UDP     ,13   ,1    ,13   ,13 ,1  ,13 ,2888462,0      ,0 ,1498662,197919 ,18
0e076318f6d00219ed9ce06eeb0045fa,TCP     ,2    ,1    ,1    ,2  ,1  ,1  ,8771820,14910  ,0 ,1410088,0      ,45
0e0ad1669ed7b4bd375b16bbe0852386,TCP     ,18658,16256,1    ,294,249,1  ,7853238,382860 ,32,964985 ,0      ,4
0eb58b69217c4ebbc57907d78a02f1d6,TCP     ,13347,12084,1    ,148,653,1  ,7042422,449703 ,15,865765 ,516    ,3
10c774e657315ee95dc8501cdfb7f3fa,UDP     ,15   ,1    ,350  ,15 ,1  ,350,0      ,0      ,0 ,0      ,0      ,0
11c8b98d184d12b146f526d8f293e7ec,TCP     ,6240 ,5965 ,1    ,939,32 ,1  ,8599135,416430 ,22,1096467,0      ,1
13c4541923cb7f9f87a328ecea0e4b65,UDP     ,12   ,1    ,83   ,12 ,1  ,83 ,5505443,0      ,0 ,1284491,167586 ,15
13dcbff6256ea2f72064d3f5a517f893,TCP     ,16326,14453,1    ,343,311,1  ,8858844,431407 ,21,1097041,0      ,0
14c2e0338c67991010edb19bd3ad4b8b,UDP     ,7    ,1    ,7    ,7  ,1  ,7  ,2769382,0      ,0 ,3131883,0      ,18
1523b980197e820973fdfcab295b4c18,TCP     ,21173,18110,1    ,273,165,1  ,8564365,432695 ,20,1085799,423    ,5
156405ae844c064eb64c411a7d338b94,TCP     ,9739 ,9096 ,1    ,634,81 ,1  ,8502668,421460 ,18,1056219,0      ,3
16b8ecd243672d692bbe5e2ecf1c6b36,TCP     ,7800 ,7350 ,1    ,721,218,1  ,7871936,380221 ,24,970371 ,0      ,1
16f884db8f87a4cc4b78a4c9a289fe91,TCP     ,10287,9508 ,1    ,510,80 ,1  ,8773418,419357 ,13,1115319,864    ,0
17172f1765db1df8162e6083e79a7f05,UDP     ,109  ,16   ,1    ,109,16 ,1  ,1117572,0      ,0 ,3135266,0      ,31
1852e5d6265f699a28aa435514e5bbcf,TCP     ,8774 ,8261 ,1    ,717,144,1  ,8057876,391929 ,34,998947 ,0      ,6
18b1b9218ae635dbb2b810548477627a,TCP     ,26886,22122,1    ,744,28 ,1  ,8748483,444818 ,26,1073608,0      ,0
190d042270655400a9d60d6ca87aca0f,UDP     ,16   ,1    ,16   ,16 ,1  ,16 ,3153097,10     ,0 ,2278782,21439  ,24
1a2e433cfed7bde38732f0892fbbff27,UDP     ,8    ,1    ,8    ,8  ,1  ,8  ,3708403,6      ,0 ,1941727,0      ,25
1a504b64f82043d916cc6cffb4b0e5da,TCP     ,5859 ,5631 ,1    ,982,1  ,1  ,7706113,358580 ,18,1012856,0      ,10
1f14abf0891dd4b866da7e0621430fbd,UDP     ,270  ,9    ,1    ,270,9  ,1  ,1309203,0      ,0 ,3135266,0      ,11
20fc399b6e3d91958ab38c7acf067612,TCP     ,13079,11859,1    ,434,11 ,1  ,0      ,0      ,0 ,0      ,0      ,0
2130bfd08fae290ef08e562aefdb21b9,UDP     ,11   ,1    ,11   ,11 ,1  ,11 ,2805312,4      ,0 ,3101657,98420  ,29
229afeeb24fa0a98b5f609b5a4f23ed9,TCP     ,30201,24218,1    ,699,12 ,1  ,8508215,442524 ,15,1068769,0      ,5
2322ee3d829d6d5d3bd98c694a564924,TCP     ,21572,18449,1    ,994,1  ,1  ,8406003,513542 ,36,986187 ,0      ,4
233c499813255c56f48412527c597520,TCP     ,6176 ,5889 ,1    ,959,10 ,1  ,0      ,0      ,0 ,0      ,0      ,0
24ef523add9c0f81ef6eaa4acbe7e8fa,TCP     ,14256,12802,1    ,399,543,1  ,7174917,346926 ,17,888886 ,0      ,2
25dfa5bdefd51d26c18f8a184ddd1956,TCP     ,5905 ,5621 ,1    ,992,1  ,1  ,7844214,434253 ,18,929921 ,0      ,7
25f946c0727f84b2f0772cbe1425e0f4,TCP     ,24730,20552,1    ,851,87 ,1  ,8368135,361056 ,18,1072710,318    ,1
26d9ccb748258b7ffced4190fdaf32ad,UDP     ,84   ,1    ,84   ,84 ,1  ,84 ,2193274,16     ,0 ,3135250,0      ,11
28e6e65b854158d6721d0151943c148f,TCP     ,6588 ,6274 ,1    ,893,26 ,1  ,8430021,381343 ,27,1180621,0      ,1
2a515a5447e0770c541eb28115b7b968,TCP     ,13069,11830,1    ,432,28 ,1  ,8421903,412477 ,16,1010671,0      ,0
2aea4762adb27fef7e85e8db571ed5cd,TCP     ,7121 ,6741 ,1    ,826,1  ,1  ,8762710,512210 ,33,1046844,0      ,2
2bf238448118adaa7dc3695830b084af,UDP     ,24   ,1    ,292  ,24 ,1  ,292,996640 ,91     ,0 ,3135175,0      ,23
2cfc6e2d2b3f746f290fa07cd5f00a36,TCP     ,1779 ,1999 ,1    ,944,45 ,1  ,8097449,757293 ,61,1233920,21974  ,2
2e72ed77eef73c62fc85c49a13a09b20,TCP     ,8026 ,7507 ,1    ,766,177,1  ,8515480,414556 ,32,1082748,0      ,2
2ea180355c6612d69993431075783e86,UDP     ,6    ,1    ,135  ,6  ,1  ,135,1170727,48     ,0 ,3135216,0      ,10
2ea750d2b68231e4ad9879b07826bc45,TCP     ,10991,10128,1    ,167,823,1  ,8383101,495725 ,36,958012 ,736    ,2
327c4fea908ad500186f3b281ffd9c85,UDP     ,18   ,1    ,800  ,18 ,1  ,800,0      ,0      ,0 ,0      ,0      ,0
3301b2c6bccac62779ec816a372e8641,UDP     ,11   ,1    ,11   ,11 ,1  ,11 ,2593852,0      ,0 ,3086755,50362  ,16
33ae09c9c41578df56377e981ba2b9b0,TCP     ,11893,10867,1    ,525,54 ,1  ,8718020,379604 ,39,1128458,0      ,7
33bd295fd9249d26cd64cabb2a38b01b,UDP     ,2    ,1    ,78   ,2  ,1  ,78 ,1548751,48     ,0 ,3135218,0      ,25
342c8dc47de54c7a8227912526dffb79,TCP     ,1899 ,2039 ,1    ,973,14 ,1  ,8280215,768830 ,43,1256339,11529  ,0
3523f48841358c9b44211cf5a121fea3,TCP     ,66295,41785,1    ,382,1  ,1  ,5875543,804555 ,20,248129 ,0      ,1
354c40642f97b7fbabaf3a173ec44262,UDP     ,6    ,1    ,6    ,6  ,1  ,6  ,2889901,3      ,0 ,3135263,0      ,18
3669b53dd11909bb8b5f853c82910fd1,TCP     ,31653,25074,1    ,616,39 ,1  ,7432997,382981 ,14,945245 ,498    ,1
369908ecd451ad538aeafb9b595e09eb,TCP     ,12046,10974,1    ,148,719,1  ,8820237,533548 ,25,1025422,0      ,1
3706b4fd3c92194e6116cb0f40e6c93b,TCP     ,5896 ,5635 ,1    ,977,17 ,1  ,8333299,344773 ,17,1077923,0      ,3
380b2fa846c7b041de49fd565bc4b231,UDP     ,11   ,1    ,11   ,11 ,1  ,11 ,3123490,0      ,0 ,2296626,0      ,14
38aa4663e153972e6b63317631dfbb7f,TCP     ,15636,13922,1    ,359,459,1  ,8402289,405609 ,10,1039691,0      ,2
3b79981e8f1f92219add8c943c77d007,UDP     ,12   ,1    ,275  ,12 ,1  ,275,1685173,820    ,0 ,3134446,0      ,9
3dac5ef83a9e34371bd7c3c0733cd36b,TCP     ,6952 ,6580 ,1    ,879,10 ,1  ,0      ,0      ,0 ,0      ,0      ,0
3e04da1987736f143f2a69ca98ac95cc,UDP     ,11   ,1    ,178  ,11 ,1  ,178,1551360,39     ,0 ,3135227,0      ,14
402db11d6885de5d2c0fed4982321120,TCP     ,14714,13166,1    ,373,467,1  ,8866638,428632 ,11,1090175,627    ,1
41f6d916c442e0541cbf0da832cff54a,TCP     ,6719 ,6397 ,1    ,877,10 ,1  ,0      ,0      ,0 ,0      ,0      ,0
424ffcf42e438f67894582d8cef6dd4e,UDP     ,7    ,1    ,7    ,7  ,1  ,7  ,3167936,8      ,0 ,2746468,0      ,19
42c3016683437deb382d8fdabd438d14,TCP     ,33746,26332,1    ,640,22 ,1  ,8714759,435735 ,16,1095352,0      ,1
4438d16f17dbe7e31d69305dd7892080,UDP     ,7    ,1    ,7    ,7  ,1  ,7  ,3039220,4      ,0 ,2541523,0      ,15
44d4d7003771cd49b724bbbff150fb06,UDP     ,6    ,1    ,6    ,6  ,1  ,6  ,3813636,4      ,0 ,1667684,0      ,30
45cb858201114ef20e94ce24ba917d8d,UDP     ,8    ,1    ,8    ,8  ,1  ,8  ,2856419,4      ,0 ,3105676,0      ,1
475db014220dd39dc0dab8ccfc74c613,TCP     ,16631,14700,1    ,367,302,1  ,8737915,426206 ,14,1084067,0      ,1
48c48a867ca52d948973303bc721b39f,UDP     ,1099 ,13   ,1    ,968,13 ,1  ,2394974,4      ,0 ,3055920,33278  ,15
49a83253667d7f3ae8d59f195fc01a93,TCP     ,6710 ,6392 ,1    ,874,25 ,1  ,8811226,417400 ,31,1075617,0      ,7
4d3c20881eb221dfdecab6e910af2512,TCP     ,12899,11736,1    ,152,623,1  ,8774495,530797 ,43,1011898,0      ,1
4e1067343d6f34f8a3729d54382034a3,TCP     ,13172,11952,1    ,146,625,1  ,8796207,532750 ,40,1024039,0      ,3
4ec7852e4c729d611323013f1afe775b,TCP     ,1784 ,2004 ,1    ,948,45 ,1  ,6187968,581447 ,27,947603 ,13329  ,3
503ea47c2b9f49dd62a2b80637a2256e,TCP     ,21741,18455,1    ,272,121,1  ,8124480,419685 ,19,1041958,0      ,1
524daa91009bad8692f7770dc61beb72,UDP     ,16   ,1    ,282  ,16 ,1  ,282,1981401,82     ,0 ,3135184,0      ,48
53a2d63780a514261970a776520c571c,UDP     ,5    ,1    ,71   ,5  ,1  ,71 ,2845465,4403   ,0 ,2822435,0      ,20
54b4ae9dbe1d21ecb25ce06b431ce719,TCP     ,5657 ,5425 ,1    ,955,10 ,1  ,0      ,0      ,0 ,0      ,0      ,0
54d639d921ceef8060eb804a5672749b,UDP     ,4    ,1    ,122  ,4  ,1  ,122,3746769,31     ,0 ,3135234,0      ,4
55e711623f86622365194f1ee1fb9a7e,UDP     ,3    ,1    ,51   ,3  ,1  ,51 ,1876041,12     ,0 ,3135254,0      ,44
565f16c101f6e26f25cbdc0f0258e04b,UDP     ,12   ,1    ,310  ,12 ,1  ,310,1255415,6828   ,0 ,3128438,0      ,50
5745d17a8591ba66f264c19a9aa00320,UDP     ,6    ,1    ,225  ,6  ,1  ,225,3920163,107    ,0 ,3132185,0      ,33
5749449ca122e8a203a530586a1f28f2,UDP     ,23   ,1    ,23   ,23 ,1  ,23 ,2960225,8      ,0 ,2854943,0      ,29
58c00bfa1a7cdeed42dec16b50b7a299,UDP     ,3    ,1    ,112  ,3  ,1  ,112,3772111,31     ,0 ,3135235,0      ,18
58fcb1f95687371795ab9dff690ba969,TCP     ,31284,24788,1    ,662,39 ,1  ,8059939,407408 ,23,1003206,266    ,0
59e410269c9f81d926f9de2343e6aa62,TCP     ,7031 ,6662 ,1    ,817,1  ,1  ,8309469,498605 ,24,959971 ,0      ,1
5aa0246c05de3435cdd12603753fecb4,TCP     ,13595,12237,1    ,400,542,1  ,8734695,443553 ,9 ,1123769,668    ,0
5bdf5fc1273bda23ccaff90e5cffb40f,UDP     ,13   ,1    ,191  ,13 ,1  ,191,1250225,48     ,0 ,3135218,0      ,21
5c8e952b86c6f58a0635dd4a5bcd46e6,UDP     ,14   ,1    ,181  ,14 ,1  ,181,1917962,91     ,0 ,3135175,0      ,9
5cc22060a7e9457ee619db0c95efeadd,UDP     ,3    ,1    ,90   ,3  ,1  ,90 ,2138376,24     ,0 ,3091926,0      ,16
5d3064fec54e8e50c1eee178329cbed3,UDP     ,12   ,1    ,12   ,12 ,1  ,12 ,3003422,4      ,0 ,3090521,0      ,10
5db6ca9c77777d22f9efc0ba14d37993,TCP     ,15294,13606,1    ,348,433,1  ,8763314,425044 ,7 ,1067775,565    ,0
5e4a76b0128f0991638e03b3b0d7ce4d,TCP     ,33515,26157,1    ,660,12 ,1  ,8823542,443848 ,20,1070798,253    ,0
60db4bacc978b34e89ac9c58e8969957,TCP     ,16958,14956,1    ,322,348,1  ,8421674,416910 ,18,1068528,0      ,0
6174c4036ef81a53042d275341463199,TCP     ,2156 ,2350 ,1    ,940,46 ,1  ,8180850,107907 ,0 ,1889902,10739  ,18
6297de9c19ce35bb4738bd3687512a9a,UDP     ,6    ,1    ,95   ,6  ,1  ,95 ,1124669,27     ,0 ,3135239,0      ,9
64be1c0b77483f14abbbdbb76d5ec305,TCP     ,14210,12781,1    ,390,567,1  ,8644955,417928 ,19,1066865,0      ,2
6580a0015f03e7d63b56b7e2ca62908c,TCP     ,5048 ,4863 ,1    ,291,504,1  ,8748507,494998 ,21,969767 ,0      ,1
65be65eff3db76438f48cab4c215ca37,TCP     ,23   ,1    ,1    ,23 ,1  ,1  ,6096437,9913   ,0 ,903692 ,31226  ,20
68387e4ccd91c2f0a78bd8050165b33a,UDP     ,2    ,1    ,63   ,2  ,1  ,63 ,1399502,16     ,0 ,3135250,13203  ,35
68a4dfd6ab5867239540d9492e83936b,TCP     ,1782 ,2010 ,1    ,945,45 ,1  ,7995203,53310  ,8 ,1911724,12490  ,6
6a0d938f9c5df9d0888ccdb002ea142b,TCP     ,26114,21571,1    ,817,75 ,1  ,8521959,428319 ,22,1076813,0      ,0
6b443b1d79fc5ad00f9eaa65e08b5ae8,UDP     ,12   ,1    ,414  ,12 ,1  ,414,0      ,0      ,0 ,0      ,0      ,0
6c2b6b2d4e7fe0dedba454f8f999ab2d,TCP     ,34134,26572,1    ,584,1  ,1  ,8591890,519163 ,31,990725 ,0      ,1
6c94d9829f082c1d8174d6086d840667,UDP     ,16   ,1    ,434  ,16 ,1  ,434,0      ,0      ,0 ,0      ,0      ,0
6cd82763f267059c349a88f60e7d51d4,TCP     ,12397,11321,1    ,151,706,1  ,8431890,499883 ,8 ,948626 ,0      ,0
6e6319ae3c09a76f30317daf2361129a,TCP     ,9443 ,8792 ,1    ,656,87 ,1  ,8643624,426794 ,19,1092844,0      ,4
6e95b0eeb0038092b2c095d65bf0c7ee,TCP     ,15753,14013,1    ,368,402,1  ,8694322,425346 ,20,1088691,0      ,0
6ef82db6cb2b4f04fd0c4bb6785045fc,TCP     ,6466 ,6167 ,1    ,933,25 ,1  ,8670011,418003 ,15,1105179,1290   ,0
72666503ae7af37518dbba7c85c80418,UDP     ,6    ,1    ,120  ,6  ,1  ,120,3384788,36     ,0 ,3135230,0      ,42
730279c40f615bb3d6957a6182043425,UDP     ,8    ,1    ,199  ,8  ,1  ,199,1755909,6849   ,0 ,3128417,0      ,27
7369c084ba677414c62078391642dbdb,TCP     ,5695 ,5485 ,1    ,253,419,1  ,7699901,441786 ,39,854943 ,0      ,0
73aad2822ec235e23082e2b5a2d8655d,TCP     ,13272,11992,1    ,145,623,1  ,8257814,504876 ,10,975314 ,0      ,0
74c05a70914089e0dc3c39f4c4648aac,UDP     ,18   ,1    ,544  ,18 ,1  ,544,0      ,0      ,0 ,0      ,0      ,0
75954540322b27440ec08f7fa1d8cf07,TCP     ,24   ,1    ,1    ,24 ,1  ,1  ,9076469,14760  ,0 ,1404585,35619  ,14
76a5e6214eda4d214898ca5f3962922a,TCP     ,8580 ,8044 ,1    ,674,146,1  ,8397694,417316 ,27,1064330,0      ,5
76c6ee3ef0095563819379d7860f026f,TCP     ,7293 ,6901 ,1    ,839,1  ,1  ,8307610,497234 ,21,964288 ,0      ,2
773585c60c206e9a98146943e4fa70d7,TCP     ,12926,11767,1    ,165,672,1  ,8501517,507830 ,29,980628 ,0      ,1
778ac1da549ca9ed8a8f7b253cb8ede1,UDP     ,4    ,1    ,94   ,4  ,1  ,94 ,941318 ,32     ,0 ,3135234,8716   ,16
78bb5e4a381096b9e4d9c2fad4667c86,TCP     ,11198,10291,1    ,487,53 ,1  ,8169425,401667 ,26,1019768,0      ,3
79941bc51f9879472fd484ce5542e554,TCP     ,19272,16727,1    ,329,259,1  ,7168750,368513 ,16,932308 ,0      ,1
7a692d24819c8ec6ddc4e17b6eeff455,UDP     ,13   ,1    ,13   ,13 ,1  ,13 ,2926809,0      ,0 ,2292363,0      ,16
7ad76e2a6a959ed4b06f02ec51dcf566,UDP     ,16   ,1    ,144  ,16 ,1  ,144,1278474,160    ,0 ,3135106,0      ,23
7be5d0b068e5df261431496286c1e86f,UDP     ,3    ,1    ,124  ,3  ,1  ,124,2845037,30     ,0 ,2749399,0      ,38
7c48b9dc3286acde9c1419cd07be1c7d,UDP     ,6    ,1    ,137  ,6  ,1  ,137,1065098,28     ,0 ,3135238,0      ,4
7c4aea89cbb214c2decbcf8f54f82c9a,TCP     ,27219,22439,1    ,765,53 ,1  ,8506203,421165 ,43,1045163,325    ,0
7d6ec50671440bf773a76f0da7c5e1d8,TCP     ,6426 ,6123 ,1    ,927,32 ,1  ,8543620,302037 ,21,1155910,1348   ,5
7f19b44817e1d16ea99933c6bce54131,UDP     ,66423,41778,1    ,360,51 ,1  ,4227975,147752 ,2 ,1437549,0      ,63
7f2b2ef41a396bbd0269a4801fd84274,UDP     ,37   ,1    ,37   ,37 ,1  ,37 ,2102929,4      ,0 ,3135262,0      ,20
7fc0cd836b1f8b32bae78b6cd7cacf46,TCP     ,1906 ,2047 ,1    ,978,14 ,1  ,7771246,720142 ,68,1179072,5414   ,1
7ff63ada8c94b8d6064aa26f7e9efbac,UDP     ,15   ,1    ,172  ,15 ,1  ,172,1037143,32     ,0 ,3135234,5606   ,19
8300a94be92bd2f0ecf489eee728b626,UDP     ,5    ,1    ,132  ,5  ,1  ,132,1748668,55     ,0 ,3135207,3363   ,16
83612b86275de6b6d624f04e310fb903,UDP     ,18   ,1    ,18   ,18 ,1  ,18 ,3960890,3      ,0 ,2805415,0      ,20
8396012ed87a8538b18b325955170e82,TCP     ,13771,12446,1    ,365,556,1  ,8807976,441985 ,19,1122631,0      ,1
848629338acdeb4b38b6486a342aa949,TCP     ,5947 ,5670 ,1    ,968,18 ,1  ,8484049,404974 ,16,1039051,0      ,1
86bf22271e530d57313cc3c4d2e73c9d,UDP     ,16   ,1    ,401  ,16 ,1  ,401,0      ,0      ,0 ,0      ,0      ,0
86fdab682103f9ef28ed04ce7fd15e0a,TCP     ,32756,25765,1    ,649,12 ,1  ,0      ,0      ,0 ,0      ,0      ,0
8872a9dbe3bd77b5c0ada46e017d18b6,TCP     ,19528,16776,1    ,311,259,1  ,6444308,315831 ,25,805055 ,335    ,0
88adde96b22526523c80ab58c04d48cd,TCP     ,10400,9616 ,1    ,488,67 ,1  ,7922284,413021 ,31,1045299,0      ,1
894d272c5ec151356713c9190e3e1db1,TCP     ,12372,11297,1    ,132,680,1  ,6962253,408731 ,31,773017 ,0      ,0
8a97b302d5a323de03cf4016c2f76bbe,TCP     ,16177,14328,1    ,380,396,1  ,8008309,386938 ,24,990447 ,473    ,5
8b306430e7e44749438a7a76c8f49137,TCP     ,30716,24482,1    ,653,46 ,1  ,8594666,446232 ,30,1097731,0      ,0
8b5ee8f1ee04cc454040cbe9137806c0,TCP     ,5919 ,5682 ,1    ,974,10 ,1  ,0      ,0      ,0 ,0      ,0      ,0
8d031b0dcaa77b2cd4d015ced7b3cfe1,TCP     ,5856 ,5594 ,1    ,962,25 ,1  ,8450770,382093 ,24,1078810,0      ,1
8da6cac139ae8bb3a3fef80a7dfbf099,TCP     ,18751,16403,1    ,304,248,1  ,8735562,430053 ,23,1086139,479    ,0
8e4c9e0a6e37b2eb954a868db67b6b4d,UDP     ,7    ,1    ,241  ,7  ,1  ,241,1541246,102    ,0 ,3135164,0      ,11
8eb33ec7f4540411cca40d5240dc1487,UDP     ,41   ,8    ,1    ,41 ,8  ,1  ,1239184,8      ,0 ,3135258,0      ,12
8f2fe83cc03b36fb880fb6c13bfb2518,TCP     ,22911,19330,1    ,926,1  ,1  ,8376156,510138 ,22,972285 ,351    ,0
9138ab0055963f033fd015cea2ef1bc6,UDP     ,8    ,1    ,280  ,8  ,1  ,280,1105645,64     ,0 ,3135202,0      ,30
914fac6f580cece4a4f39e056d94e272,TCP     ,16087,14215,1    ,352,374,1  ,8099805,399035 ,17,1016165,0      ,2
91584f010207de9720454193e315d02f,TCP     ,7976 ,7483 ,1    ,707,191,1  ,8805988,408462 ,18,1142747,0      ,4
915c470676ed79290c9f021114647421,TCP     ,2    ,1    ,1    ,2  ,1  ,1  ,8060872,14538  ,0 ,1367206,23577  ,30
91c92016c671a6b466e3e3ea2fe76332,TCP     ,13102,11887,1    ,149,660,1  ,8478429,440741 ,24,990190 ,0      ,1
921a0d65f7cb7b321862f7787d4986d6,UDP     ,13   ,1    ,13   ,13 ,1  ,13 ,4232486,0      ,0 ,2661405,0      ,14
948922a24621857f60ff55f0b92d225f,UDP     ,8    ,1    ,8    ,8  ,1  ,8  ,2345166,4      ,0 ,2370356,270847 ,13
94e9a2940ddd082e6e3fdc84ead74ef0,TCP     ,26779,21906,1    ,773,57 ,1  ,8773177,440378 ,34,1085116,306    ,1
95120088fead57b6620bba06ee0ba5ca,UDP     ,5    ,1    ,170  ,5  ,1  ,170,1333639,216    ,0 ,3135050,0      ,31
955a5cd15843aa5c4155fd3f69651e15,TCP     ,2    ,1    ,1    ,2  ,1  ,1  ,6583469,11326  ,0 ,1045307,40391  ,3
956b0d4feeafbdb4d125effbaec29cfd,TCP     ,1906 ,2047 ,1    ,978,14 ,1  ,7773908,72792  ,0 ,1824839,11571  ,10
9647a3a2d057b7cfe984b0449480369f,TCP     ,34939,27039,1    ,585,1  ,1  ,7200074,448807 ,34,855456 ,0      ,1
967a3709db351926be99ddc0f7d4697a,UDP     ,11   ,1    ,239  ,11 ,1  ,239,1489780,64     ,0 ,3135202,0      ,22
97fd9c08bd2d121abbe4d9d7e85a9fab,UDP     ,7    ,1    ,7    ,7  ,1  ,7  ,3001972,4      ,0 ,3116976,523659 ,15
983d0d3be373f51f249d1c0144c552ed,UDP     ,1099 ,9    ,1    ,968,9  ,1  ,2432180,0      ,0 ,3095437,40191  ,26
998217264ab3fbdc001bb5d473e59173,TCP     ,12714,11596,1    ,149,658,1  ,8527413,512471 ,5 ,964875 ,0      ,4
9a50bc868171124750e83105352aa103,TCP     ,18698,16250,1    ,341,255,1  ,8522072,421759 ,5 ,1076883,476    ,18
9ae4af2b74c64e5243e5ef791c9894ff,UDP     ,14   ,1    ,488  ,14 ,1  ,488,0      ,0      ,0 ,0      ,0      ,0
9b87222053c383934c1347e45f383701,UDP     ,18   ,1    ,327  ,18 ,1  ,327,0      ,0      ,0 ,0      ,0      ,0
9c436570b69e98e36fcff55f51b7db02,UDP     ,35   ,1    ,35   ,35 ,1  ,35 ,3245575,0      ,0 ,3082341,0      ,28
9ec938d83a145c111e4dc96438f7d903,TCP     ,5962 ,5673 ,1    ,973,12 ,1  ,8775883,350678 ,6 ,1160281,0      ,15
9f1663cd07e5a4f00c9cc8c9b81a1945,TCP     ,7039 ,6712 ,1    ,840,25 ,1  ,8749339,378725 ,0 ,1147117,1293   ,11
9f2d134c9d1f77d377420946b382ca9c,UDP     ,15   ,1    ,336  ,15 ,1  ,336,0      ,0      ,0 ,0      ,0      ,0
a3644f57a18ccb958a3d64f96e943828,UDP     ,10   ,1    ,302  ,10 ,1  ,302,1089929,67     ,0 ,3135199,0      ,33
a3bbaba745fbded23fc3217df906cff5,UDP     ,6    ,1    ,101  ,6  ,1  ,101,1572467,44     ,0 ,3135222,0      ,31
a3d5d0f2572b7fb2a02abca870483b31,TCP     ,11084,10180,1    ,143,813,1  ,8469423,491028 ,5 ,932159 ,0      ,20
a3e78a6e687223edf712320712686ab2,UDP     ,27   ,1    ,27   ,27 ,1  ,27 ,3643021,11     ,0 ,3103788,73738  ,28
a5554cdb360aa6c386bae7656fc8a26c,TCP     ,719  ,21050,1    ,595,53 ,1  ,0      ,0      ,0 ,0      ,0      ,0
a5b44e6c2ef7bebaf6b1d1d9e069ecac,TCP     ,31780,25188,1    ,657,12 ,1  ,8360440,434271 ,6 ,1049124,267    ,19
a60c98fd7a78dfdcded33d10dd889e2e,UDP     ,8    ,1    ,124  ,8  ,1  ,124,3301442,40     ,0 ,3084252,0      ,27
a89b7e2b2c68423fb5a2cd59bb938ea8,UDP     ,153  ,1    ,985  ,153,1  ,787,1110946,297439 ,0 ,2837827,0      ,31
a8fa7478dc84619cc3ff106a04363c00,UDP     ,168  ,1    ,986  ,168,1  ,777,1148160,288549 ,0 ,2846717,0      ,34
aa4011f67afcc6a316c24436d1d5a9b0,TCP     ,12259,11162,1    ,160,746,1  ,8191558,503688 ,5 ,953451 ,0      ,19
aa55c194d1ddc55231c1862ef6c54971,TCP     ,23791,19987,1    ,876,90 ,1  ,8633085,437157 ,6 ,1097999,0      ,22
ab36cf8007f4a0ca03195d92db11d846,TCP     ,19254,16700,1    ,290,211,1  ,8575907,435302 ,5 ,1099237,425    ,27
abdc10fabdb343768c96dc3e3d30372a,UDP     ,15   ,1    ,640  ,15 ,1  ,640,0      ,0      ,0 ,0      ,0      ,0
acc4394329ad248f5e77c165804a0bc6,UDP     ,4    ,1    ,98   ,4  ,1  ,98 ,1591222,47     ,0 ,3135219,0      ,34
acc74cb8fd63f0dfd10dae5bdecae42a,TCP     ,6    ,1    ,1    ,6  ,1  ,1  ,8144239,14131  ,0 ,1316196,15779  ,15
ada34a9e7c812fcce244a87d39f0362c,TCP     ,19655,17046,1    ,314,238,1  ,8653014,433109 ,5 ,1101287,0      ,17
ae87f4dbbd8c4ccc941995ff673e29b0,UDP     ,20   ,1    ,455  ,20 ,1  ,455,0      ,0      ,0 ,0      ,0      ,0
af254ac963139fc85e9a42ceaabc91d6,UDP     ,5    ,1    ,145  ,5  ,1  ,145,1654156,60     ,0 ,3135206,27856  ,28
af7af871db3ea21fe00c37f70e6d11cb,UDP     ,6    ,1    ,244  ,6  ,1  ,244,1573090,68     ,0 ,3135195,6395   ,31
b0bed1288522fdc2bffea0396ba00084,UDP     ,5    ,1    ,157  ,5  ,1  ,157,1313583,62     ,0 ,3135204,0      ,29
b13265de1c866fb86021595e564a2ff2,UDP     ,2    ,1    ,48   ,2  ,1  ,48 ,3083279,12     ,0 ,3135254,0      ,29
b31fef7a664bc7101a0754852a977026,UDP     ,16   ,1    ,486  ,16 ,1  ,486,0      ,0      ,0 ,0      ,0      ,0
b35dccab32d90d4f338abd8ed4b26dc3,TCP     ,20166,17384,1    ,287,163,1  ,8191947,418765 ,5 ,1054299,0      ,8
b40aae049263409f1e2a8ff3e8053092,TCP     ,16947,14941,1    ,335,306,1  ,8054659,403827 ,5 ,1016084,0      ,17
b5899b7b37479aeeeab460be6c18a9b7,TCP     ,10247,9510 ,1    ,554,97 ,1  ,8631466,431410 ,6 ,1083844,0      ,8
b71de491259cfec8bf8874626f0b9478,TCP     ,24404,20359,1    ,811,90 ,1  ,8718043,438585 ,6 ,1089531,0      ,12
b7f9552d3ed992c211e581de166c96f2,TCP     ,643  ,19804,1    ,532,401,1  ,5465228,30481  ,0 ,1729161,7760   ,22
b8d74c569f985a8d6b20192345db732f,TCP     ,6635 ,6283 ,1    ,903,1  ,1  ,8805603,494250 ,0 ,1025087,0      ,7
bc7d4276afb17e5b891cc52a6ab227cf,TCP     ,12770,11610,1    ,155,659,1  ,8292841,487028 ,5 ,964276 ,0      ,5
bd3dd0d241ed5dafb0837c557ffeb3c3,UDP     ,14   ,1    ,180  ,14 ,1  ,180,1011083,108    ,0 ,3135158,0      ,29
bd9cb3b69f02c8fdba7efc5bb8a6a4db,UDP     ,47   ,1    ,47   ,47 ,1  ,47 ,3133007,8      ,0 ,2828783,0      ,27
bf0d6dd9cc4e2914a0403eadc58e4973,UDP     ,15   ,1    ,321  ,15 ,1  ,321,0      ,0      ,0 ,0      ,0      ,0
bf1727bdaefe5ddd4cef7fdfecdf2379,UDP     ,122  ,1    ,122  ,122,1  ,122,2534680,51     ,0 ,3119726,0      ,25
bf658bd4e4dbe9d31c125f531a3d27ab,UDP     ,39   ,1    ,39   ,39 ,1  ,39 ,3713893,16     ,0 ,3135250,0      ,29
bf67a6ad0469624bc476de8ab7c3400e,TCP     ,34852,26986,1    ,596,1  ,1  ,8474799,521744 ,6 ,1014260,497    ,16
bf6bf159d7237d3dfcb9ff0d68764079,UDP     ,15   ,1    ,219  ,15 ,1  ,219,2124048,44     ,0 ,3078369,0      ,31
c093f324dc7908241b9be60bb8b58473,UDP     ,17   ,1    ,356  ,17 ,1  ,356,0      ,0      ,0 ,0      ,0      ,0
c10abd75258803ae46144e1f206b93f5,UDP     ,7    ,1    ,7    ,7  ,1  ,7  ,1307420,0      ,0 ,3135266,285258 ,31
c19e1b67baec3afe060c93ef25aee2c4,TCP     ,8439 ,7955 ,1    ,736,137,1  ,8311921,293544 ,6 ,1153666,0      ,16
c4a88192c480b29ec408de36e8182a9f,TCP     ,10242,9482 ,1    ,603,65 ,1  ,8811152,431359 ,6 ,1104197,859    ,11
c5197a2b7c5e37eca2b4e9e23efa95e7,UDP     ,2    ,1    ,30   ,2  ,1  ,30 ,898100 ,4      ,0 ,3135262,0      ,31
c606c18a73329bd75ce7147b0359d974,TCP     ,13452,12110,1    ,396,592,1  ,8093282,373697 ,5 ,988548 ,0      ,16
c75d925b98e7fe29adeb6e3f5983817f,UDP     ,32   ,1    ,32   ,32 ,1  ,32 ,2458824,0      ,0 ,3135266,0      ,23
c7d18456b0f108530600b1e8357ec665,TCP     ,3    ,1    ,1    ,3  ,1  ,1  ,9008686,15454  ,0 ,1458282,30     ,28
c8a0e79073629bb1dfea2112c07a774c,TCP     ,6091 ,5829 ,1    ,954,23 ,1  ,8773100,385037 ,6 ,1227641,0      ,21
c8b2ee81d5d417e9bb9e23d520c477ee,UDP     ,2    ,1    ,32   ,2  ,1  ,32 ,3089324,12     ,0 ,3135254,0      ,30
c9920708d88e92d87dc53a4f2ee9908a,UDP     ,7    ,1    ,7    ,7  ,1  ,7  ,3263803,3      ,0 ,3105828,509935 ,27
cb24912d8354938667c4c37b8862c679,TCP     ,12136,11063,1    ,459,42 ,1  ,7228889,363887 ,5 ,908532 ,1186   ,22
cb64829d271436ed8cecb4bb27361bc3,TCP     ,7761 ,7307 ,1    ,791,1  ,1  ,8401855,498830 ,6 ,970677 ,0      ,24
cb6dfe8c20909ecfd02ef8e8b2c6aa3c,TCP     ,6844 ,6497 ,1    ,844,18 ,1  ,8766953,372258 ,6 ,1116758,0      ,16
cc8a3617866a4ad112ac2e7315a92e3d,UDP     ,5    ,1    ,122  ,5  ,1  ,122,2155153,28     ,0 ,3130441,0      ,30
cd308b6eabf0d0d84028e8f6d812ec27,UDP     ,12   ,1    ,12   ,12 ,1  ,12 ,3342683,7      ,0 ,1602362,188364 ,24
cd5f2d18a669bac477013a7c3cd8538f,TCP     ,21798,18561,1    ,269,142,1  ,8224399,409774 ,5 ,1026811,0      ,5
ce2b3dd035f5ee3ac8a9f530c90c5816,TCP     ,15147,13567,1    ,357,446,1  ,8710644,434224 ,5 ,1104761,0      ,19
cfb18b61492a66ce911aa610dd7f8bfd,TCP     ,25386,21128,1    ,859,81 ,1  ,8726796,438837 ,6 ,1080217,346    ,11
cfb5e3087834c5a423727f1ae9ca47e7,UDP     ,59   ,4    ,1    ,59 ,4  ,1  ,1120063,0      ,0 ,3135266,0      ,29
d0a8baa3a49351a64abe15bacfcbfd4c,UDP     ,13   ,1    ,94   ,13 ,1  ,94 ,1799896,28     ,0 ,3135238,0      ,27
d0e3e7183360c2266df617aaca2d304e,TCP     ,11909,10884,1    ,150,809,1  ,8627735,513186 ,5 ,969697 ,0      ,10
d2909bacb4ead04763393f239e434c57,TCP     ,10701,9901 ,1    ,755,60 ,1  ,3144632,1108312,5 ,1795773,3837667,27
d3d5d8c57ffd4dd8bbf51cdf0f46e5ef,UDP     ,9    ,1    ,211  ,9  ,1  ,211,1117460,66     ,0 ,3135200,6635   ,31
d3f08d7a958c1e200ea2ee9038d72589,TCP     ,6790 ,6444 ,1    ,898,1  ,1  ,7752227,447531 ,6 ,959517 ,0      ,11
d442035488dd227043575c4008fb4aba,UDP     ,7    ,1    ,7    ,7  ,1  ,7  ,2664823,6      ,0 ,2632571,740210 ,28
d5fc48e54ce98252f2c748728c34a25a,UDP     ,20   ,1    ,437  ,20 ,1  ,437,0      ,0      ,0 ,0      ,0      ,0
d6b92e937ebf77ba0a24c04bb5304037,TCP     ,6603 ,6284 ,1    ,913,18 ,1  ,8531878,414315 ,0 ,1078529,1320   ,24
d73d0246981dde6351ef6e9d3085dab5,UDP     ,114  ,1    ,114  ,114,1  ,114,2783242,45     ,0 ,2759843,45660  ,30
d7402eceef0df214a61e9e31a20097c9,UDP     ,26   ,1    ,325  ,26 ,1  ,325,0      ,0      ,0 ,0      ,0      ,0
d8b50c1e9fdf0d7f7f9a191e49bcac6c,TCP     ,20729,17713,1    ,313,178,1  ,7103701,360182 ,5 ,906433 ,0      ,20
d8e1bac86d7c12f692c1db4e56ddb9d5,TCP     ,6992 ,6624 ,1    ,882,17 ,1  ,8520551,340236 ,6 ,1133360,0      ,22
d8ecc4556c6300355248ce2df77c49d3,UDP     ,2    ,1    ,76   ,2  ,1  ,76 ,2141826,47     ,0 ,3135219,23152  ,23
d9103c17cf563a8a40d3ec0dfff0fcb7,UDP     ,7    ,1    ,170  ,7  ,1  ,170,1525882,20     ,0 ,3135246,17983  ,31
d96e85c5f1b3b208c4f53b95abb4aa4a,UDP     ,6    ,1    ,142  ,6  ,1  ,142,1763742,68     ,0 ,3135198,23310  ,29
da27a3365d19888db6a6e3be0b29e669,UDP     ,18   ,1    ,485  ,18 ,1  ,485,0      ,0      ,0 ,0      ,0      ,0
dbd0756e16cc985a81741fbe048627c7,UDP     ,115  ,1    ,45297,115,1  ,794,916774 ,305134 ,0 ,2830132,0      ,31
dcf432c3bd46285a37c536ff0a76fed6,TCP     ,28143,22856,1    ,739,54 ,1  ,8463274,427205 ,6 ,1051141,294    ,12
dd970144d10760adef141d956a60d401,UDP     ,55   ,5    ,1    ,55 ,5  ,1  ,1089215,0      ,0 ,3135266,0      ,31
def8adfcb1f4c290394239f8867c066a,TCP     ,7574 ,7140 ,1    ,724,226,1  ,8758746,421346 ,6 ,1123322,0      ,21
e02ef1367251102edf70b4700bba4447,TCP     ,6455 ,6162 ,1    ,879,25 ,1  ,8366080,389550 ,6 ,1017538,0      ,13
e1a41a64f56779841448b722ad95cbbf,UDP     ,20   ,1    ,318  ,20 ,1  ,318,0      ,0      ,0 ,0      ,0      ,0
e24949ad9d00c998a22725fd533728f3,TCP     ,24950,20710,1    ,792,95 ,1  ,8805818,437867 ,6 ,1116249,0      ,15
e48f7b7354767cec1ddab6b758f46d77,TCP     ,6353 ,6076 ,1    ,928,18 ,1  ,8738644,372024 ,6 ,1158645,0      ,6
e4ed2d7237e72181e0185f1d46e022de,UDP     ,6    ,1    ,229  ,6  ,1  ,229,1697889,1099   ,0 ,3134167,0      ,27
e5859c5cf5e10220cbb26664259b71d8,TCP     ,5833 ,5568 ,1    ,274,417,1  ,8836194,425151 ,5 ,1089501,0      ,15
e6c3668c7cd00f4b287b6fc92a0afcb9,UDP     ,7    ,1    ,275  ,7  ,1  ,275,1090684,79     ,0 ,3135187,3419   ,32
e724b47f258c1e651e2ce72bd6f989c8,TCP     ,5386 ,5124 ,1    ,315,466,1  ,7727729,450398 ,5 ,885615 ,0      ,16
e7348003d576d60ece6ea800b41e2981,TCP     ,5897 ,5608 ,1    ,957,24 ,1  ,8752449,356738 ,6 ,1123225,0      ,20
e75f94a6a5b6afb05b20872800a6db97,UDP     ,115  ,15   ,1    ,115,15 ,1  ,1106315,0      ,0 ,3135265,0      ,27
e76de69bb4ccbb9ba547471b255e1efd,TCP     ,19031,16539,1    ,315,207,1  ,8024207,410394 ,5 ,1031483,0      ,13
e80b7c70e4932c8e5e5d98a3269e06fe,UDP     ,6    ,1    ,6    ,6  ,1  ,6  ,2462224,3      ,0 ,2146279,769469 ,17
e85739e64cf0f7882f36f676c5114fac,UDP     ,10   ,1    ,10   ,10 ,1  ,10 ,3310592,3      ,0 ,1866985,0      ,25
e9beae87c340afe2668dce0a7001ac24,UDP     ,25   ,1    ,25   ,25 ,1  ,25 ,2956800,6      ,0 ,2684991,0      ,25
ea93e17afc482f41eda9ea20881c3c88,TCP     ,14873,13299,1    ,401,442,1  ,8825276,441248 ,5 ,1115006,1813   ,9
eb71b97d7e3aecc2353c402ead9293ac,TCP     ,18940,16434,1    ,313,277,1  ,8565001,418523 ,5 ,1066166,0      ,10
eea4d8aa213a1b0c499e50b2d956d618,UDP     ,9    ,1    ,357  ,9  ,1  ,357,0      ,0      ,0 ,0      ,0      ,0
eec7de3e8a4063a6ae4565d7f959fe3b,TCP     ,9707 ,9021 ,1    ,596,98 ,1  ,8859033,418132 ,5 ,1112862,0      ,12
eef6e5ae52430e3b0698be05c1fe3a9b,TCP     ,9279 ,8646 ,1    ,670,110,1  ,8761894,425662 ,6 ,1089774,941    ,11
effb43ecfe8ccb23b5edfa7e6d519660,UDP     ,13   ,1    ,180  ,13 ,1  ,180,1832027,48     ,0 ,3135217,0      ,31
f0272bfa88decdbebfeed375b4d09a9d,TCP     ,19793,17080,1    ,282,172,1  ,8658198,423397 ,5 ,1063289,0      ,15
f17db0d141a535c1b18d70cbfe13a6a5,UDP     ,18   ,1    ,595  ,18 ,1  ,595,0      ,0      ,0 ,0      ,0      ,0
f621936359aca6116a3bd69b370c2a67,UDP     ,24   ,1    ,764  ,24 ,1  ,764,0      ,0      ,0 ,0      ,0      ,0
f686ce6cfb9e038f7071e080228698d2,UDP     ,16   ,1    ,16   ,16 ,1  ,16 ,2848415,3      ,0 ,2972890,0      ,27
f958dcaf4c0a8a7386a47ce7e0e78fcb,TCP     ,4520 ,4364 ,1    ,894,50 ,1  ,0      ,0      ,0 ,0      ,0      ,0
fa60cb80a3682e46b2485bc70a6f081b,TCP     ,21673,18456,1    ,990,1  ,1  ,8266267,501666 ,0 ,964776 ,0      ,12
fb6eee4a8e759b9c5efe61c281e45f0b,TCP     ,9835 ,9118 ,1    ,576,124,1  ,8738791,438979 ,6 ,1105173,0      ,18
fbbc0eb4bc7efaa595a284a8682d122e,UDP     ,9    ,1    ,263  ,9  ,1  ,263,1801237,72     ,0 ,3135190,0      ,31
fc47519221339fb78655fbf25739765d,TCP     ,8769 ,8211 ,1    ,703,164,1  ,8866414,437450 ,6 ,1106755,986    ,7
fd06f0fb58e60cf868de83b5ab6fc350,UDP     ,13   ,1    ,158  ,13 ,1  ,158,1152840,60     ,0 ,3135204,0      ,31
fe18a5d044e42fbe9eae40a118c50968,TCP     ,8482 ,7971 ,1    ,664,159,1  ,8568868,423590 ,6 ,1067175,0      ,18
fe51e2f6633f873f62dc4976addd9b06,TCP     ,12443,11315,1    ,151,750,1  ,8752874,458506 ,5 ,1057945,0      ,12
ffd1822ab7ae0e21e4b618bbcbd3dfb5,TCP     ,2152 ,2345 ,1    ,940,46 ,1  ,8304908,771181 ,6 ,1255489,1664   ,14